Date,Close,Return
2009-01-01,1.2201,0.106662
2009-01-02,1.205,-1.237603
2009-01-05,1.189,-1.327801
2009-01-06,1.1842,-0.403701
2009-01-07,1.194,0.827563
2009-01-08,1.1797,-1.197655
2009-01-09,1.1853,0.474697
2009-01-12,1.2184,2.792542
2009-01-13,1.2243,0.484242
2009-01-14,1.2491,2.025647
2009-01-15,1.2527,0.288208
2009-01-16,1.2431,-0.766345
2009-01-19,1.2539,0.868796
2009-01-20,1.267,1.04474
2009-01-21,1.2551,-0.939227
2009-01-22,1.2547,-0.03187
2009-01-23,1.2311,-1.880928
2009-01-26,1.2226,-0.690439
2009-01-27,1.2306,0.654343
2009-01-28,1.2109,-1.600845
2009-01-29,1.2267,1.304815
2009-01-30,1.2296,0.236407
2009-02-02,1.2449,1.244307
2009-02-03,1.2296,-1.229014
2009-02-04,1.2323,0.219584
2009-02-05,1.2323,0.0
2009-02-06,1.2193,-1.054938
2009-02-09,1.2174,-0.155827
2009-02-10,1.2438,2.168556
2009-02-11,1.2383,-0.442193
2009-02-12,1.2438,0.444157
2009-02-13,1.2354,-0.67535
2009-02-16,1.2426,0.582807
2009-02-17,1.2654,1.834862
2009-02-18,1.2609,-0.355619
2009-02-19,1.258,-0.229994
2009-02-20,1.252,-0.476948
2009-02-23,1.2503,-0.135783
2009-02-24,1.2423,-0.639846
2009-02-25,1.2572,1.199388
2009-02-26,1.2536,-0.286351
2009-02-27,1.2763,1.810785
2009-03-02,1.2934,1.33981
2009-03-03,1.293,-0.030926
2009-03-04,1.2731,-1.539056
2009-03-05,1.2911,1.413872
2009-03-06,1.2872,-0.302068
2009-03-09,1.3012,1.087632
2009-03-10,1.279,-1.706117
2009-03-11,1.2851,0.476935
2009-03-12,1.2778,-0.568049
2009-03-13,1.2718,-0.469557
2009-03-16,1.2719,0.007863
2009-03-17,1.2701,-0.141521
2009-03-18,1.2467,-1.842375
2009-03-19,1.2396,-0.569503
2009-03-20,1.2407,0.088738
2009-03-23,1.2217,-1.531394
2009-03-24,1.2321,0.851273
2009-03-25,1.2319,-0.016232
2009-03-26,1.2305,-0.113646
2009-03-27,1.2421,0.942706
2009-03-30,1.2624,1.634329
2009-03-31,1.2602,-0.174271
2009-04-01,1.26,-0.01587
2009-04-02,1.2376,-1.777778
2009-04-03,1.2298,-0.630252
2009-04-06,1.2382,0.683038
2009-04-07,1.2372,-0.080762
2009-04-08,1.2364,-0.064662
2009-04-09,1.2237,-1.027176
2009-04-10,1.2257,0.163439
2009-04-13,1.2199,-0.473199
2009-04-14,1.2153,-0.37708
2009-04-15,1.2033,-0.987411
2009-04-16,1.2073,0.332419
2009-04-17,1.2132,0.488694
2009-04-20,1.2391,2.13485
2009-04-21,1.2357,-0.274393
2009-04-22,1.2398,0.331796
2009-04-23,1.2229,-1.363123
2009-04-24,1.2096,-1.087579
2009-04-27,1.2208,0.925926
2009-04-28,1.2196,-0.098296
2009-04-29,1.2025,-1.402099
2009-04-30,1.1925,-0.831601
2009-05-01,1.1852,-0.612159
2009-05-04,1.1724,-1.079986
2009-05-05,1.1751,0.230297
2009-05-06,1.1658,-0.791422
2009-05-07,1.1699,0.35169
2009-05-08,1.1494,-1.752287
2009-05-11,1.1669,1.522533
2009-05-12,1.1627,-0.359928
2009-05-13,1.1741,0.980476
2009-05-14,1.1691,-0.425858
2009-05-15,1.1776,0.727055
2009-05-18,1.1635,-1.197351
2009-05-19,1.1558,-0.661796
2009-05-20,1.1418,-1.211282
2009-05-21,1.1374,-0.385356
2009-05-22,1.1195,-1.573765
2009-05-25,1.1241,0.410898
2009-05-26,1.1164,-0.684992
2009-05-27,1.1231,0.600143
2009-05-28,1.1133,-0.872585
2009-05-29,1.0915,-1.958142
2009-06-01,1.0935,0.183234
2009-06-02,1.0812,-1.124829
2009-06-03,1.1104,2.700703
2009-06-04,1.097,-1.206772
2009-06-05,1.119,2.005469
2009-06-08,1.1157,-0.294906
2009-06-09,1.1043,-1.02178
2009-06-10,1.1086,0.389387
2009-06-11,1.1024,-0.559264
2009-06-12,1.119,1.505806
2009-06-15,1.1334,1.286863
2009-06-16,1.1355,0.185283
2009-06-17,1.1318,-0.325848
2009-06-18,1.1322,0.035342
2009-06-19,1.1352,0.264971
2009-06-22,1.1549,1.735377
2009-06-23,1.1496,-0.458914
2009-06-24,1.1576,0.695894
2009-06-25,1.1546,-0.259157
2009-06-26,1.1524,-0.190542
2009-06-29,1.1564,0.347102
2009-06-30,1.1623,0.510204
2009-07-01,1.1496,-1.092661
2009-07-02,1.163,1.165623
2009-07-03,1.1607,-0.197764
2009-07-06,1.1593,-0.120617
2009-07-07,1.1665,0.621064
2009-07-08,1.1675,0.085727
2009-07-09,1.1623,-0.445396
2009-07-10,1.1638,0.129054
2009-07-13,1.1505,-1.142808
2009-07-14,1.1329,-1.52977
2009-07-15,1.1126,-1.791862
2009-07-16,1.1171,0.404458
2009-07-17,1.1134,-0.331215
2009-07-20,1.1062,-0.646668
2009-07-21,1.1037,-0.225999
2009-07-22,1.0997,-0.362417
2009-07-23,1.0889,-0.982086
2009-07-24,1.0868,-0.192855
2009-07-27,1.0812,-0.515274
2009-07-28,1.0814,0.018498
2009-07-29,1.0894,0.739782
2009-07-30,1.0834,-0.550762
2009-07-31,1.0776,-0.535352
2009-08-03,1.0658,-1.095026
2009-08-04,1.0726,0.638018
2009-08-05,1.0705,-0.195786
2009-08-06,1.0777,0.672583
2009-08-07,1.0813,0.334045
2009-08-10,1.0888,0.69361
2009-08-11,1.1017,1.184791
2009-08-12,1.0893,-1.125533
2009-08-13,1.0872,-0.192784
2009-08-14,1.0982,1.011773
2009-08-17,1.1086,0.947004
2009-08-18,1.1011,-0.676529
2009-08-19,1.0953,-0.526746
2009-08-20,1.0869,-0.766913
2009-08-21,1.0812,-0.524427
2009-08-24,1.0762,-0.462449
2009-08-25,1.0868,0.984947
2009-08-26,1.0973,0.966139
2009-08-27,1.0877,-0.874875
2009-08-28,1.0917,0.367748
2009-08-31,1.0938,0.192361
2009-09-01,1.1042,0.950814
2009-09-02,1.1051,0.081507
2009-09-03,1.1019,-0.289567
2009-09-04,1.0897,-1.107179
2009-09-07,1.0778,-1.092044
2009-09-08,1.0784,0.055669
2009-09-09,1.0785,0.009273
2009-09-10,1.0772,-0.120538
2009-09-11,1.0768,-0.037133
2009-09-14,1.0827,0.54792
2009-09-15,1.0724,-0.951325
2009-09-16,1.0659,-0.606117
2009-09-17,1.0646,-0.121963
2009-09-18,1.0692,0.432087
2009-09-21,1.0791,0.925926
2009-09-22,1.0692,-0.917431
2009-09-23,1.0745,0.495698
2009-09-24,1.0892,1.368078
2009-09-25,1.091,0.165259
2009-09-28,1.0846,-0.586618
2009-09-29,1.0846,0.0
2009-09-30,1.0695,-1.392218
2009-10-01,1.0839,1.346424
2009-10-02,1.0797,-0.38749
2009-10-05,1.0697,-0.926183
2009-10-06,1.0594,-0.962887
2009-10-07,1.0612,0.169907
2009-10-08,1.0518,-0.88579
2009-10-09,1.0422,-0.912721
2009-10-12,1.0348,-0.710036
2009-10-13,1.0319,-0.280247
2009-10-14,1.0236,-0.804342
2009-10-15,1.0338,0.996483
2009-10-16,1.037,0.309538
2009-10-19,1.0284,-0.829315
2009-10-20,1.0495,2.051731
2009-10-21,1.0429,-0.628871
2009-10-22,1.0475,0.441078
2009-10-23,1.0538,0.601432
2009-10-26,1.069,1.442399
2009-10-27,1.0647,-0.402245
2009-10-28,1.0811,1.54034
2009-10-29,1.0665,-1.350476
2009-10-30,1.0848,1.715893
2009-11-02,1.0767,-0.746681
2009-11-03,1.0661,-0.98449
2009-11-04,1.0628,-0.309539
2009-11-05,1.0651,0.216409
2009-11-06,1.0753,0.957657
2009-11-09,1.0553,-1.859946
2009-11-10,1.0495,-0.549607
2009-11-11,1.0449,-0.438304
2009-11-12,1.0557,1.033592
2009-11-13,1.0516,-0.388368
2009-11-16,1.0475,-0.389882
2009-11-17,1.051,0.334129
2009-11-18,1.0547,0.352046
2009-11-19,1.0637,0.853323
2009-11-20,1.0706,0.648679
2009-11-23,1.0556,-1.401084
2009-11-24,1.058,0.227359
2009-11-25,1.0453,-1.200378
2009-11-26,1.0589,1.301062
2009-11-27,1.0618,0.273869
2009-11-30,1.0563,-0.517988
2009-12-01,1.0462,-0.956168
2009-12-02,1.0511,0.468362
2009-12-03,1.0574,0.599372
2009-12-04,1.058,0.056743
2009-12-07,1.0513,-0.63327
2009-12-08,1.0638,1.189004
2009-12-09,1.0546,-0.864824
2009-12-10,1.0516,-0.284468
2009-12-11,1.0601,0.808292
2009-12-14,1.0588,-0.12263
2009-12-15,1.0612,0.226672
2009-12-16,1.0613,0.009423
2009-12-17,1.0711,0.923396
2009-12-18,1.0664,-0.438801
2009-12-21,1.0622,-0.393848
2009-12-22,1.0574,-0.451892
2009-12-23,1.0487,-0.822773
2009-12-24,1.0497,0.095356
2009-12-25,1.0499,0.019053
2009-12-28,1.0429,-0.66673
2009-12-29,1.0434,0.047943
2009-12-30,1.0553,1.140502
2009-12-31,1.0532,-0.198996
2010-01-01,1.0528,-0.037979
2010-01-04,1.0416,-1.06383
2010-01-05,1.039,-0.249616
2010-01-06,1.0324,-0.635226
2010-01-07,1.0347,0.222782
2010-01-08,1.0298,-0.473567
2010-01-11,1.0335,0.359293
2010-01-12,1.0388,0.512821
2010-01-13,1.0309,-0.760493
2010-01-14,1.0234,-0.72752
2010-01-15,1.0291,0.556967
2010-01-18,1.0261,-0.291517
2010-01-19,1.0314,0.516519
2010-01-20,1.0464,1.454334
2010-01-21,1.0524,0.573394
2010-01-22,1.0578,0.513113
2010-01-25,1.0577,-0.009454
2010-01-26,1.0627,0.472724
2010-01-27,1.0642,0.14115
2010-01-28,1.0663,0.197331
2010-01-29,1.0704,0.384507
2010-02-01,1.0606,-0.915546
2010-02-02,1.057,-0.339431
2010-02-03,1.0626,0.529801
2010-02-04,1.0744,1.110484
2010-02-05,1.0716,-0.260611
2010-02-08,1.0758,0.391937
2010-02-09,1.0656,-0.948132
2010-02-10,1.0621,-0.328453
2010-02-11,1.0499,-1.148668
2010-02-12,1.0503,0.038099
2010-02-15,1.0493,-0.095211
2010-02-16,1.0431,-0.59087
2010-02-17,1.0464,0.316365
2010-02-18,1.0471,0.066896
2010-02-19,1.0391,-0.764015
2010-02-22,1.043,0.375325
2010-02-23,1.0565,1.294343
2010-02-24,1.0536,-0.274491
2010-02-25,1.0608,0.683371
2010-02-26,1.0517,-0.857843
2010-03-01,1.0414,-0.979367
2010-03-02,1.0356,-0.556943
2010-03-03,1.0319,-0.357281
2010-03-04,1.0317,-0.019382
2010-03-05,1.0288,-0.281089
2010-03-08,1.0272,-0.155521
2010-03-09,1.0261,-0.107087
2010-03-10,1.0246,-0.146185
2010-03-11,1.024,-0.058559
2010-03-12,1.0193,-0.458984
2010-03-15,1.0193,0.0
2010-03-16,1.0141,-0.510154
2010-03-17,1.0104,-0.364856
2010-03-18,1.0141,0.366192
2010-03-19,1.0173,0.315551
2010-03-22,1.0189,0.157279
2010-03-23,1.0159,-0.294435
2010-03-24,1.0268,1.07294
2010-03-25,1.024,-0.272692
2010-03-26,1.0266,0.253906
2010-03-29,1.0211,-0.535749
2010-03-30,1.0201,-0.097934
2010-03-31,1.0153,-0.470542
2010-04-01,1.0086,-0.659903
2010-04-02,1.0111,0.247868
2010-04-05,1.0022,-0.880229
2010-04-06,1.0016,-0.059868
2010-04-07,1.0063,0.469249
2010-04-08,1.0021,-0.417371
2010-04-09,1.0027,0.059874
2010-04-12,1.0025,-0.019946
2010-04-13,1.0011,-0.139651
2010-04-14,0.9986,-0.249725
2010-04-15,1.0021,0.350491
2010-04-16,1.0128,1.067758
2010-04-19,1.0144,0.157978
2010-04-20,0.9986,-1.557571
2010-04-21,0.9998,0.120168
2010-04-22,1.0004,0.060012
2010-04-23,0.9991,-0.129948
2010-04-26,1.001,0.190171
2010-04-27,1.0177,1.668332
2010-04-28,1.0097,-0.786086
2010-04-29,1.0052,-0.445677
2010-04-30,1.0179,1.26343
2010-05-03,1.0108,-0.697514
2010-05-04,1.0245,1.355362
2010-05-05,1.0307,0.605173
2010-05-06,1.0526,2.12477
2010-05-07,1.0439,-0.826525
2010-05-10,1.0232,-1.982949
2010-05-11,1.0221,-0.107506
2010-05-12,1.0193,-0.273946
2010-05-13,1.02,0.068675
2010-05-14,1.0356,1.529412
2010-05-17,1.0325,-0.299343
2010-05-18,1.0393,0.658596
2010-05-19,1.0438,0.432984
2010-05-20,1.0702,2.52922
2010-05-21,1.0595,-0.999813
2010-05-24,1.0626,0.292591
2010-05-25,1.0675,0.461133
2010-05-26,1.071,0.327869
2010-05-27,1.0482,-2.128852
2010-05-28,1.0546,0.610571
2010-05-31,1.0445,-0.957709
2010-06-01,1.0554,1.043562
2010-06-02,1.0383,-1.620239
2010-06-03,1.0402,0.182991
2010-06-04,1.0629,2.182273
2010-06-07,1.0617,-0.112899
2010-06-08,1.0475,-1.337478
2010-06-09,1.0445,-0.286396
2010-06-10,1.0297,-1.416946
2010-06-11,1.0322,0.242789
2010-06-14,1.0339,0.164697
2010-06-15,1.0254,-0.82213
2010-06-16,1.0243,-0.107275
2010-06-17,1.0282,0.380748
2010-06-18,1.0218,-0.622447
2010-06-21,1.0243,0.244666
2010-06-22,1.0296,0.517427
2010-06-23,1.0397,0.980963
2010-06-24,1.043,0.317399
2010-06-25,1.0355,-0.71908
2010-06-28,1.0358,0.028972
2010-06-29,1.056,1.950183
2010-06-30,1.0639,0.748106
2010-07-01,1.0596,-0.404173
2010-07-02,1.0624,0.264251
2010-07-05,1.0634,0.094127
2010-07-06,1.0545,-0.836938
2010-07-07,1.0466,-0.74917
2010-07-08,1.042,-0.439518
2010-07-09,1.0337,-0.796545
2010-07-12,1.0372,0.33859
2010-07-13,1.03,-0.694177
2010-07-14,1.0327,0.262136
2010-07-15,1.0383,0.542268
2010-07-16,1.0582,1.916594
2010-07-19,1.0549,-0.31185
2010-07-20,1.0436,-1.071192
2010-07-21,1.0491,0.527022
2010-07-22,1.0371,-1.143838
2010-07-23,1.0358,-0.12535
2010-07-26,1.0323,-0.337903
2010-07-27,1.0354,0.3003
2010-07-28,1.0388,0.328376
2010-07-29,1.0371,-0.16365
2010-07-30,1.0297,-0.713528
2010-08-02,1.0229,-0.660387
2010-08-03,1.0235,0.058657
2010-08-04,1.0181,-0.527601
2010-08-05,1.0168,-0.127689
2010-08-06,1.0274,1.042486
2010-08-09,1.027,-0.038933
2010-08-10,1.0314,0.428432
2010-08-11,1.0464,1.454334
2010-08-12,1.0424,-0.382263
2010-08-13,1.0419,-0.047966
2010-08-16,1.0435,0.153566
2010-08-17,1.0321,-1.092477
2010-08-18,1.0296,-0.242225
2010-08-19,1.0404,1.048951
2010-08-20,1.0475,0.68243
2010-08-23,1.0522,0.448687
2010-08-24,1.0615,0.883862
2010-08-25,1.0596,-0.178992
2010-08-26,1.0579,-0.160438
2010-08-27,1.0508,-0.671141
2010-08-30,1.0601,0.88504
2010-08-31,1.0656,0.518819
2010-09-01,1.0498,-1.482733
2010-09-02,1.0524,0.247666
2010-09-03,1.0388,-1.292284
2010-09-06,1.0354,-0.327301
2010-09-07,1.048,1.216921
2010-09-08,1.0375,-1.001908
2010-09-09,1.0339,-0.346988
2010-09-10,1.037,0.299836
2010-09-13,1.0271,-0.954677
2010-09-14,1.0275,0.038945
2010-09-15,1.0262,-0.126521
2010-09-16,1.0265,0.029234
2010-09-17,1.033,0.63322
2010-09-20,1.0282,-0.464666
2010-09-21,1.0268,-0.13616
2010-09-22,1.0308,0.38956
2010-09-23,1.0343,0.339542
2010-09-24,1.0241,-0.986174
2010-09-27,1.0293,0.507763
2010-09-28,1.0297,0.038861
2010-09-29,1.0326,0.281635
2010-09-30,1.0292,-0.329266
2010-10-01,1.0197,-0.923047
2010-10-04,1.0239,0.411886
2010-10-05,1.0158,-0.791093
2010-10-06,1.0111,-0.46269
2010-10-07,1.0174,0.623084
2010-10-08,1.0111,-0.619225
2010-10-11,1.0139,0.276926
2010-10-12,1.0101,-0.37479
2010-10-13,1.0033,-0.673201
2010-10-14,1.0041,0.079737
2010-10-15,1.0104,0.627428
2010-10-18,1.0172,0.673001
2010-10-19,1.0336,1.612269
2010-10-20,1.021,-1.21904
2010-10-21,1.0267,0.558276
2010-10-22,1.0259,-0.07792
2010-10-25,1.02,-0.575105
2010-10-26,1.0239,0.382353
2010-10-27,1.0281,0.410196
2010-10-28,1.0211,-0.680868
2010-10-29,1.0194,-0.166487
2010-11-01,1.0152,-0.412007
2010-11-02,1.0082,-0.689519
2010-11-03,1.0052,-0.29756
2010-11-04,1.0022,-0.298448
2010-11-05,1.0001,-0.209539
2010-11-08,1.0036,0.349965
2010-11-09,1.008,0.438422
2010-11-10,1.0009,-0.704365
2010-11-11,1.0033,0.239784
2010-11-12,1.0123,0.89704
2010-11-15,1.0099,-0.237084
2010-11-16,1.0223,1.227844
2010-11-17,1.0246,0.224983
2010-11-18,1.019,-0.546555
2010-11-19,1.0168,-0.215898
2010-11-22,1.0187,0.186861
2010-11-23,1.0247,0.588986
2010-11-24,1.0099,-1.444325
2010-11-25,1.0092,-0.069314
2010-11-26,1.0213,1.198969
2010-11-29,1.0181,-0.313326
2010-11-30,1.0264,0.815244
2010-12-01,1.017,-0.915822
2010-12-02,1.0026,-1.415929
2010-12-03,1.0039,0.129663
2010-12-06,1.0057,0.179301
2010-12-07,1.0124,0.666203
2010-12-08,1.0112,-0.11853
2010-12-09,1.0106,-0.059335
2010-12-10,1.0091,-0.148427
2010-12-13,1.0074,-0.168467
2010-12-14,1.0062,-0.119119
2010-12-15,1.005,-0.119261
2010-12-16,1.0061,0.109453
2010-12-17,1.014,0.78521
2010-12-20,1.0168,0.276134
2010-12-21,1.0171,0.029504
2010-12-22,1.0132,-0.383443
2010-12-23,1.0093,-0.384919
2010-12-24,1.0083,-0.099079
2010-12-27,1.0068,-0.148765
2010-12-28,1.001,-0.576083
2010-12-29,1.0009,-0.00999
2010-12-30,1.0,-0.089919
2010-12-31,0.998,-0.2
2011-01-03,0.9938,-0.420842
2011-01-04,0.9983,0.452807
2011-01-05,0.9956,-0.27046
2011-01-06,0.9966,0.100442
2011-01-07,0.9935,-0.311058
2011-01-10,0.9934,-0.010065
2011-01-11,0.9905,-0.291927
2011-01-12,0.9857,-0.484604
2011-01-13,0.9892,0.355078
2011-01-14,0.9909,0.171856
2011-01-17,0.987,-0.393582
2011-01-18,0.9913,0.435664
2011-01-19,0.9957,0.443862
2011-01-20,0.9973,0.160691
2011-01-21,0.9931,-0.421137
2011-01-24,0.9935,0.040278
2011-01-25,0.9968,0.332159
2011-01-26,0.994,-0.280899
2011-01-27,0.9934,-0.060362
2011-01-28,1.0013,0.795249
2011-01-31,1.001,-0.029961
2011-02-01,0.9906,-1.038961
2011-02-02,0.9879,-0.272562
2011-02-03,0.9911,0.323919
2011-02-04,0.9873,-0.383412
2011-02-07,0.9908,0.354502
2011-02-08,0.9952,0.444086
2011-02-09,0.9938,-0.140675
2011-02-10,0.9953,0.150936
2011-02-11,0.9874,-0.793731
2011-02-14,0.9891,0.172169
2011-02-15,0.9898,0.070771
2011-02-16,0.9849,-0.49505
2011-02-17,0.9843,-0.06092
2011-02-18,0.9868,0.253988
2011-02-21,0.983,-0.385083
2011-02-22,0.9907,0.783316
2011-02-23,0.9895,-0.121126
2011-02-24,0.9826,-0.697322
2011-02-25,0.9774,-0.529208
2011-02-28,0.9716,-0.593411
2011-03-01,0.9748,0.329354
2011-03-02,0.9731,-0.174395
2011-03-03,0.972,-0.113041
2011-03-04,0.9734,0.144033
2011-03-07,0.9733,-0.010273
2011-03-08,0.9714,-0.195212
2011-03-09,0.9685,-0.298538
2011-03-10,0.976,0.774393
2011-03-11,0.9732,-0.286885
2011-03-14,0.9738,0.061652
2011-03-15,0.9859,1.242555
2011-03-16,0.9914,0.557866
2011-03-17,0.9848,-0.665725
2011-03-18,0.9843,-0.050772
2011-03-21,0.9778,-0.660368
2011-03-22,0.9807,0.296584
2011-03-23,0.9816,0.091771
2011-03-24,0.9752,-0.651997
2011-03-25,0.9805,0.543478
2011-03-28,0.9779,-0.265171
2011-03-29,0.9744,-0.35791
2011-03-30,0.971,-0.348933
2011-03-31,0.9706,-0.041195
2011-04-01,0.9632,-0.762415
2011-04-04,0.967,0.394518
2011-04-05,0.9638,-0.33092
2011-04-06,0.9608,-0.311268
2011-04-07,0.9582,-0.270608
2011-04-08,0.9554,-0.292215
2011-04-11,0.9566,0.125602
2011-04-12,0.9634,0.710851
2011-04-13,0.9623,-0.114179
2011-04-14,0.9611,-0.124701
2011-04-15,0.9592,-0.19769
2011-04-18,0.9642,0.521268
2011-04-19,0.9561,-0.840075
2011-04-20,0.9525,-0.37653
2011-04-21,0.9532,0.073491
2011-04-22,0.9545,0.136383
2011-04-25,0.9544,-0.010477
2011-04-26,0.9516,-0.293378
2011-04-27,0.9497,-0.199664
2011-04-28,0.9506,0.094767
2011-04-29,0.9451,-0.578582
2011-05-02,0.9506,0.581949
2011-05-03,0.9526,0.210393
2011-05-04,0.9594,0.713836
2011-05-05,0.9669,0.781739
2011-05-06,0.9666,-0.031027
2011-05-09,0.9618,-0.496586
2011-05-10,0.9568,-0.519859
2011-05-11,0.9619,0.533027
2011-05-12,0.9627,0.083169
2011-05-13,0.9686,0.61286
2011-05-16,0.9758,0.743341
2011-05-17,0.9721,-0.379176
2011-05-18,0.9701,-0.20574
2011-05-19,0.9676,-0.257705
2011-05-20,0.9742,0.6821
2011-05-23,0.978,0.390064
2011-05-24,0.9767,-0.132924
2011-05-25,0.9774,0.07167
2011-05-26,0.9777,0.030694
2011-05-27,0.9761,-0.163649
2011-05-30,0.9771,0.102449
2011-05-31,0.9685,-0.880156
2011-06-01,0.9772,0.898296
2011-06-02,0.9759,-0.133033
2011-06-03,0.9778,0.194692
2011-06-06,0.9809,0.317038
2011-06-07,0.9745,-0.652462
2011-06-08,0.9793,0.49256
2011-06-09,0.973,-0.643317
2011-06-10,0.9799,0.709147
2011-06-13,0.9761,-0.387795
2011-06-14,0.9682,-0.809343
2011-06-15,0.9791,1.1258
2011-06-16,0.9812,0.214483
2011-06-17,0.9794,-0.183449
2011-06-20,0.9798,0.040841
2011-06-21,0.9711,-0.887936
2011-06-22,0.9739,0.288333
2011-06-23,0.979,0.523668
2011-06-24,0.9886,0.980592
2011-06-27,0.9861,-0.252883
2011-06-28,0.9812,-0.496907
2011-06-29,0.9695,-1.192417
2011-06-30,0.9634,-0.62919
2011-07-01,0.9585,-0.508615
2011-07-04,0.9611,0.271257
2011-07-05,0.9634,0.239309
2011-07-06,0.9653,0.197218
2011-07-07,0.9587,-0.683725
2011-07-08,0.9627,0.417232
2011-07-11,0.9688,0.633635
2011-07-12,0.9666,-0.227085
2011-07-13,0.9582,-0.869025
2011-07-14,0.9606,0.25047
2011-07-15,0.9532,-0.770352
2011-07-18,0.9597,0.681914
2011-07-19,0.9501,-1.000313
2011-07-20,0.9474,-0.284181
2011-07-21,0.9433,-0.432763
2011-07-22,0.948,0.498251
2011-07-25,0.9472,-0.084388
2011-07-26,0.9443,-0.306166
2011-07-27,0.9498,0.582442
2011-07-28,0.9493,-0.052643
2011-07-29,0.9552,0.621511
2011-08-01,0.957,0.188442
2011-08-02,0.9613,0.449321
2011-08-03,0.9621,0.083221
2011-08-04,0.9815,2.016422
2011-08-05,0.982,0.050942
2011-08-08,0.9945,1.272912
2011-08-09,0.9772,-1.739568
2011-08-10,0.9949,1.811298
2011-08-11,0.9842,-1.075485
2011-08-12,0.9873,0.314977
2011-08-15,0.9792,-0.820419
2011-08-16,0.9824,0.326797
2011-08-17,0.9807,-0.173046
2011-08-18,0.9905,0.999286
2011-08-19,0.9901,-0.040384
2011-08-22,0.9905,0.0404
2011-08-23,0.9874,-0.312973
2011-08-24,0.9871,-0.030383
2011-08-25,0.9883,0.121568
2011-08-26,0.9813,-0.708287
2011-08-29,0.9769,-0.448385
2011-08-30,0.9779,0.102365
2011-08-31,0.9777,-0.020452
2011-09-01,0.9769,-0.081825
2011-09-02,0.9853,0.859863
2011-09-05,0.9907,0.548056
2011-09-06,0.9905,-0.020188
2011-09-07,0.9833,-0.726906
2011-09-08,0.9895,0.63053
2011-09-09,0.9967,0.72764
2011-09-12,0.9927,-0.401324
2011-09-13,0.9857,-0.705148
2011-09-14,0.9893,0.365223
2011-09-15,0.9836,-0.576165
2011-09-16,0.9781,-0.55917
2011-09-19,0.9907,1.288212
2011-09-20,0.9927,0.201877
2011-09-21,1.0081,1.551325
2011-09-22,1.0284,2.013689
2011-09-23,1.0281,-0.029172
2011-09-26,1.0251,-0.2918
2011-09-27,1.0193,-0.565798
2011-09-28,1.0335,1.393113
2011-09-29,1.0359,0.232221
2011-09-30,1.0503,1.390096
2011-10-03,1.0547,0.418928
2011-10-04,1.0513,-0.322367
2011-10-05,1.0402,-1.055836
2011-10-06,1.0371,-0.29802
2011-10-07,1.0395,0.231415
2011-10-10,1.0258,-1.317941
2011-10-11,1.03,0.409437
2011-10-12,1.0172,-1.242718
2011-10-13,1.0209,0.363744
2011-10-14,1.0098,-1.087276
2011-10-17,1.0234,1.346801
2011-10-18,1.0141,-0.908736
2011-10-19,1.0205,0.631101
2011-10-20,1.0154,-0.499755
2011-10-21,1.0066,-0.866654
2011-10-24,1.0037,-0.288099
2011-10-25,1.0167,1.295208
2011-10-26,1.0042,-1.229468
2011-10-27,0.9909,-1.324437
2011-10-28,0.9917,0.080735
2011-10-31,1.0008,0.917616
2011-11-01,1.0204,1.958433
2011-11-02,1.0136,-0.666405
2011-11-03,1.0067,-0.680742
2011-11-04,1.0188,1.201947
2011-11-07,1.0126,-0.608559
2011-11-08,1.0088,-0.375272
2011-11-09,1.0246,1.566217
2011-11-10,1.0169,-0.751513
2011-11-11,1.0104,-0.639198
2011-11-14,1.0167,0.623515
2011-11-15,1.0211,0.432773
2011-11-16,1.0245,0.332974
2011-11-17,1.0293,0.468521
2011-11-18,1.0276,-0.165161
2011-11-21,1.0401,1.216427
2011-11-22,1.0383,-0.17306
2011-11-23,1.0486,0.992006
2011-11-24,1.047,-0.152584
2011-11-25,1.0468,-0.019102
2011-11-28,1.0341,-1.213221
2011-11-29,1.0321,-0.193405
2011-11-30,1.0174,-1.424281
2011-12-01,1.0139,-0.344014
2011-12-02,1.0195,0.552323
2011-12-05,1.0165,-0.294262
2011-12-06,1.01,-0.639449
2011-12-07,1.0099,-0.009901
2011-12-08,1.0232,1.316962
2011-12-09,1.0169,-0.615715
2011-12-12,1.0271,1.003048
2011-12-13,1.0343,0.701003
2011-12-14,1.0397,0.522092
2011-12-15,1.0351,-0.442435
2011-12-16,1.0383,0.309149
2011-12-19,1.0389,0.057787
2011-12-20,1.0298,-0.875926
2011-12-21,1.0266,-0.31074
2011-12-22,1.0203,-0.613676
2011-12-23,1.0206,0.029403
2011-12-26,1.0196,-0.097982
2011-12-27,1.0186,-0.098078
2011-12-28,1.0244,0.569409
2011-12-29,1.0199,-0.439282
2011-12-30,1.0213,0.137268
2012-01-02,1.0189,-0.234995
2012-01-03,1.0104,-0.834233
2012-01-04,1.0127,0.227633
2012-01-05,1.0198,0.701096
2012-01-06,1.0284,0.843303
2012-01-09,1.0235,-0.476468
2012-01-10,1.0154,-0.791402
2012-01-11,1.0196,0.41363
2012-01-12,1.0191,-0.049039
2012-01-13,1.0232,0.402316
2012-01-16,1.0179,-0.517983
2012-01-17,1.0151,-0.275076
2012-01-18,1.0112,-0.384199
2012-01-19,1.0108,-0.039557
2012-01-20,1.0132,0.237436
2012-01-23,1.0086,-0.454007
2012-01-24,1.009,0.039659
2012-01-25,1.0043,-0.465808
2012-01-26,1.0018,-0.24893
2012-01-27,1.0018,0.0
2012-01-30,1.0015,-0.029946
2012-01-31,1.0026,0.109835
2012-02-01,0.9986,-0.398963
2012-02-02,0.9993,0.070098
2012-02-03,0.9934,-0.590413
2012-02-06,0.996,0.261727
2012-02-07,0.9944,-0.160643
2012-02-08,0.996,0.160901
2012-02-09,0.9947,-0.130522
2012-02-10,1.0014,0.67357
2012-02-13,0.9997,-0.169762
2012-02-14,0.9991,-0.060018
2012-02-15,1.0,0.090081
2012-02-16,0.9966,-0.34
2012-02-17,0.9968,0.020068
2012-02-20,0.9935,-0.331059
2012-02-21,0.9969,0.342224
2012-02-22,0.9998,0.290902
2012-02-23,0.9975,-0.230046
2012-02-24,0.9993,0.180451
2012-02-27,0.999,-0.030021
2012-02-28,0.9953,-0.37037
2012-02-29,0.9899,-0.54255
2012-03-01,0.9855,-0.444489
2012-03-02,0.9893,0.385591
2012-03-05,0.9946,0.535732
2012-03-06,1.0019,0.733963
2012-03-07,0.9974,-0.449147
2012-03-08,0.9902,-0.721877
2012-03-09,0.9905,0.030297
2012-03-12,0.9924,0.191822
2012-03-13,0.9886,-0.38291
2012-03-14,0.9926,0.404613
2012-03-15,0.9918,-0.080596
2012-03-16,0.9917,-0.010083
2012-03-19,0.9869,-0.484017
2012-03-20,0.9915,0.466106
2012-03-21,0.9922,0.0706
2012-03-22,0.9993,0.715582
2012-03-23,0.9978,-0.150105
2012-03-26,0.9906,-0.721587
2012-03-27,0.9948,0.423985
2012-03-28,0.9983,0.35183
2012-03-29,0.9964,-0.190324
2012-03-30,0.9987,0.230831
2012-04-02,0.9906,-0.811054
2012-04-03,0.9911,0.050474
2012-04-04,0.9963,0.52467
2012-04-05,0.9931,-0.321188
2012-04-06,0.9972,0.412849
2012-04-09,0.9976,0.040112
2012-04-10,1.0045,0.69166
2012-04-11,1.0038,-0.069686
2012-04-12,0.9943,-0.946404
2012-04-13,0.9997,0.543096
2012-04-16,0.9994,-0.030009
2012-04-17,0.9902,-0.920552
2012-04-18,0.9912,0.10099
2012-04-19,0.9957,0.453995
2012-04-20,0.9924,-0.331425
2012-04-23,0.9913,-0.110842
2012-04-24,0.9871,-0.423686
2012-04-25,0.9833,-0.384966
2012-04-26,0.9843,0.101698
2012-04-27,0.9804,-0.396221
2012-04-30,0.9872,0.693594
2012-05-01,0.9854,-0.182334
2012-05-02,0.9863,0.091333
2012-05-03,0.9885,0.223056
2012-05-04,0.9961,0.768842
2012-05-07,0.9931,-0.301175
2012-05-08,0.9987,0.563891
2012-05-09,1.0026,0.390508
2012-05-10,1.0021,-0.04987
2012-05-11,1.0005,-0.159665
2012-05-14,1.0037,0.31984
2012-05-15,1.0072,0.34871
2012-05-16,1.0122,0.496426
2012-05-17,1.0196,0.731081
2012-05-18,1.0222,0.255002
2012-05-21,1.0175,-0.459793
2012-05-22,1.0205,0.29484
2012-05-23,1.0252,0.460559
2012-05-24,1.0269,0.165821
2012-05-25,1.0293,0.233713
2012-05-28,1.0239,-0.524628
2012-05-29,1.0221,-0.175798
2012-05-30,1.0301,0.782702
2012-05-31,1.0328,0.26211
2012-06-01,1.041,0.793958
2012-06-04,1.0394,-0.153698
2012-06-05,1.0381,-0.125072
2012-06-06,1.0276,-1.011463
2012-06-07,1.0279,0.029194
2012-06-08,1.0266,-0.126471
2012-06-11,1.0317,0.496786
2012-06-12,1.0264,-0.513715
2012-06-13,1.0303,0.379969
2012-06-14,1.0226,-0.747355
2012-06-15,1.0217,-0.088011
2012-06-18,1.0243,0.254478
2012-06-19,1.0178,-0.63458
2012-06-20,1.0183,0.049126
2012-06-21,1.0297,1.119513
2012-06-22,1.0246,-0.49529
2012-06-25,1.0292,0.448956
2012-06-26,1.0238,-0.524679
2012-06-27,1.0249,0.107443
2012-06-28,1.0332,0.809835
2012-06-29,1.0166,-1.606659
2012-07-02,1.0171,0.049184
2012-07-03,1.0122,-0.481762
2012-07-04,1.013,0.079036
2012-07-05,1.0142,0.11846
2012-07-06,1.0196,0.532439
2012-07-09,1.0192,-0.039231
2012-07-10,1.0226,0.333595
2012-07-11,1.0198,-0.273812
2012-07-12,1.0191,-0.068641
2012-07-13,1.0141,-0.490629
2012-07-16,1.015,0.088749
2012-07-17,1.012,-0.295567
2012-07-18,1.0102,-0.177866
2012-07-19,1.0074,-0.277173
2012-07-20,1.0125,0.506254
2012-07-23,1.0188,0.622222
2012-07-24,1.0221,0.32391
2012-07-25,1.0155,-0.645729
2012-07-26,1.0102,-0.52191
2012-07-27,1.0033,-0.683033
2012-07-30,1.0016,-0.169441
2012-07-31,1.0031,0.14976
2012-08-01,1.0056,0.249227
2012-08-02,1.0074,0.178998
2012-08-03,1.0013,-0.605519
2012-08-06,1.0002,-0.109857
2012-08-07,0.997,-0.319936
2012-08-08,0.9942,-0.280843
2012-08-09,0.9911,-0.311808
2012-08-10,0.9911,0.0
2012-08-13,0.9926,0.151347
2012-08-14,0.9923,-0.030224
2012-08-15,0.9894,-0.29225
2012-08-16,0.9866,-0.283
2012-08-17,0.9893,0.273667
2012-08-20,0.9884,-0.090973
2012-08-21,0.9892,0.080939
2012-08-22,0.9914,0.222402
2012-08-23,0.9939,0.252169
2012-08-24,0.9923,-0.160982
2012-08-27,0.9907,-0.161242
2012-08-28,0.9882,-0.252347
2012-08-29,0.9894,0.121433
2012-08-30,0.9925,0.313321
2012-08-31,0.9863,-0.624685
2012-09-03,0.9858,-0.050695
2012-09-04,0.9859,0.010144
2012-09-05,0.9905,0.466579
2012-09-06,0.9827,-0.787481
2012-09-07,0.9786,-0.417218
2012-09-10,0.9776,-0.102187
2012-09-11,0.973,-0.47054
2012-09-12,0.9762,0.32888
2012-09-13,0.9685,-0.788773
2012-09-14,0.9714,0.299432
2012-09-17,0.9748,0.35001
2012-09-18,0.9742,-0.061551
2012-09-19,0.9745,0.030794
2012-09-20,0.9769,0.24628
2012-09-21,0.9764,-0.051182
2012-09-24,0.9787,0.235559
2012-09-25,0.9806,0.194135
2012-09-26,0.9855,0.499694
2012-09-27,0.9806,-0.49721
2012-09-28,0.9837,0.316133
2012-10-01,0.9823,-0.14232
2012-10-02,0.9841,0.183243
2012-10-03,0.9876,0.355655
2012-10-04,0.9804,-0.72904
2012-10-05,0.9786,-0.183599
2012-10-08,0.9769,-0.173718
2012-10-09,0.9783,0.14331
2012-10-10,0.9818,0.357763
2012-10-11,0.9786,-0.325932
2012-10-12,0.9802,0.163499
2012-10-15,0.9807,0.05101
2012-10-16,0.9866,0.601611
2012-10-17,0.9779,-0.881816
2012-10-18,0.9853,0.756724
2012-10-19,0.9936,0.842383
2012-10-22,0.9922,-0.140902
2012-10-23,0.9924,0.020157
2012-10-24,0.9936,0.120919
2012-10-25,0.9948,0.120773
2012-10-26,0.9969,0.211098
2012-10-29,1.001,0.411275
2012-10-30,0.9994,-0.15984
2012-10-31,0.9994,0.0
2012-11-01,0.9965,-0.290174
2012-11-02,0.9958,-0.070246
2012-11-05,0.9964,0.060253
2012-11-06,0.9921,-0.431554
2012-11-07,0.9967,0.463663
2012-11-08,1.0003,0.361192
2012-11-09,1.0016,0.129961
2012-11-12,0.9998,-0.179712
2012-11-13,1.0021,0.230046
2012-11-14,1.0039,0.179623
2012-11-15,1.001,-0.288873
2012-11-16,1.0012,0.01998
2012-11-19,0.9963,-0.489413
2012-11-20,0.9968,0.050186
2012-11-21,0.9963,-0.050161
2012-11-22,0.9972,0.090334
2012-11-23,0.9929,-0.431207
2012-11-26,0.9935,0.060429
2012-11-27,0.9946,0.11072
2012-11-28,0.9921,-0.251357
2012-11-29,0.9925,0.040319
2012-11-30,0.9944,0.191436
2012-12-03,0.9951,0.070394
2012-12-04,0.9927,-0.241182
2012-12-05,0.9917,-0.100735
2012-12-06,0.9914,-0.030251
2012-12-07,0.9884,-0.302602
2012-12-10,0.9863,-0.212465
2012-12-11,0.9861,-0.020278
2012-12-12,0.9844,-0.172396
2012-12-13,0.9849,0.050792
2012-12-14,0.9855,0.06092
2012-12-17,0.9835,-0.202943
2012-12-18,0.9857,0.223691
2012-12-19,0.9888,0.314497
2012-12-20,0.9877,-0.111246
2012-12-21,0.9932,0.556849
2012-12-24,0.993,-0.020137
2012-12-25,0.9924,-0.060423
2012-12-26,0.9943,0.191455
2012-12-27,0.9952,0.090516
2012-12-28,0.997,0.180868
2012-12-31,0.9921,-0.491474
2013-01-01,0.9934,0.131035
2013-01-02,0.9849,-0.855647
2013-01-03,0.9878,0.294446
2013-01-04,0.9872,-0.060741
2013-01-07,0.9859,-0.131686
2013-01-08,0.9867,0.081144
2013-01-09,0.9876,0.091213
2013-01-10,0.9832,-0.445525
2013-01-11,0.9848,0.162734
2013-01-14,0.9837,-0.111698
2013-01-15,0.9843,0.060994
2013-01-16,0.9859,0.162552
2013-01-17,0.9858,-0.010143
2013-01-18,0.9917,0.598499
2013-01-21,0.9929,0.121004
2013-01-22,0.9919,-0.100715
2013-01-23,0.9992,0.735961
2013-01-24,1.0026,0.340272
2013-01-25,1.0058,0.31917
2013-01-28,1.0063,0.049712
2013-01-29,1.0009,-0.536619
2013-01-30,1.0014,0.049955
2013-01-31,0.9972,-0.419413
2013-02-01,0.9965,-0.070197
2013-02-04,0.9988,0.230808
2013-02-05,0.9956,-0.320384
2013-02-06,0.9956,0.0
2013-02-07,0.9979,0.231016
2013-02-08,1.002,0.410863
2013-02-11,1.0048,0.279441
2013-02-12,1.0023,-0.248806
2013-02-13,1.0018,-0.049885
2013-02-14,1.0009,-0.089838
2013-02-15,1.0064,0.549505
2013-02-18,1.0107,0.427266
2013-02-19,1.0112,0.049471
2013-02-20,1.0167,0.543908
2013-02-21,1.0185,0.177043
2013-02-22,1.0215,0.294551
2013-02-25,1.0262,0.460108
2013-02-26,1.0261,-0.009745
2013-02-27,1.0229,-0.31186
2013-02-28,1.0306,0.752762
2013-03-01,1.0268,-0.368717
2013-03-04,1.0273,0.048695
2013-03-05,1.0269,-0.038937
2013-03-06,1.032,0.49664
2013-03-07,1.0294,-0.251938
2013-03-08,1.0287,-0.068001
2013-03-11,1.0259,-0.272188
2013-03-12,1.0257,-0.019495
2013-03-13,1.0276,0.185239
2013-03-14,1.0222,-0.525496
2013-03-15,1.0194,-0.273919
2013-03-18,1.0222,0.274671
2013-03-19,1.0268,0.45001
2013-03-20,1.026,-0.077912
2013-03-21,1.0252,-0.077973
2013-03-22,1.0232,-0.195084
2013-03-25,1.0213,-0.185692
2013-03-26,1.0161,-0.509155
2013-03-27,1.016,-0.009842
2013-03-28,1.0162,0.019685
2013-03-29,1.0174,0.118087
2013-04-01,1.0168,-0.058974
2013-04-02,1.0148,-0.196696
2013-04-03,1.0146,-0.019708
2013-04-04,1.0127,-0.187266
2013-04-05,1.0176,0.483855
2013-04-08,1.0166,-0.09827
2013-04-09,1.0164,-0.019673
2013-04-10,1.0142,-0.21645
2013-04-11,1.0105,-0.36482
2013-04-12,1.0136,0.306779
2013-04-15,1.0256,1.183899
2013-04-16,1.0207,-0.477769
2013-04-17,1.0266,0.578035
2013-04-18,1.0264,-0.019482
2013-04-19,1.0266,0.019486
2013-04-22,1.0256,-0.097409
2013-04-23,1.0257,0.00975
2013-04-24,1.0256,-0.009749
2013-04-25,1.0198,-0.565523
2013-04-26,1.0167,-0.303981
2013-04-29,1.0112,-0.540966
2013-04-30,1.0073,-0.38568
2013-05-01,1.0083,0.099275
2013-05-02,1.0105,0.218189
2013-05-03,1.008,-0.247402
2013-05-06,1.0068,-0.119048
2013-05-07,1.0042,-0.258244
2013-05-08,1.0027,-0.149373
2013-05-09,1.0068,0.408896
2013-05-10,1.01,0.317839
2013-05-13,1.0106,0.059406
2013-05-14,1.018,0.732238
2013-05-15,1.0157,-0.225933
2013-05-16,1.0195,0.374126
2013-05-17,1.0281,0.843551
2013-05-20,1.0241,-0.389067
2013-05-21,1.0267,0.253881
2013-05-22,1.0367,0.973994
2013-05-23,1.0305,-0.598052
2013-05-24,1.0318,0.126152
2013-05-27,1.0341,0.222911
2013-05-28,1.0398,0.551204
2013-05-29,1.0351,-0.45201
2013-05-30,1.0297,-0.521689
2013-05-31,1.0375,0.757502
2013-06-03,1.0278,-0.93494
2013-06-04,1.0342,0.622689
2013-06-05,1.0345,0.029008
2013-06-06,1.0264,-0.782987
2013-06-07,1.0197,-0.652767
2013-06-10,1.0194,-0.02942
2013-06-11,1.0189,-0.049048
2013-06-12,1.0212,0.225734
2013-06-13,1.0159,-0.518997
2013-06-14,1.017,0.108278
2013-06-17,1.0186,0.157325
2013-06-18,1.0212,0.255252
2013-06-19,1.0273,0.597336
2013-06-20,1.0387,1.109705
2013-06-21,1.0457,0.673919
2013-06-24,1.0501,0.420771
2013-06-25,1.0515,0.133321
2013-06-26,1.047,-0.42796
2013-06-27,1.0477,0.066858
2013-06-28,1.0519,0.400878
2013-07-01,1.0497,-0.209145
2013-07-02,1.0544,0.447747
2013-07-03,1.0505,-0.369879
2013-07-04,1.0515,0.095193
2013-07-05,1.0582,0.637185
2013-07-08,1.0558,-0.2268
2013-07-09,1.0527,-0.293616
2013-07-10,1.0465,-0.588962
2013-07-11,1.0366,-0.946011
2013-07-12,1.0395,0.279761
2013-07-15,1.0427,0.30784
2013-07-16,1.0369,-0.556248
2013-07-17,1.0405,0.347189
2013-07-18,1.0378,-0.259491
2013-07-19,1.0368,-0.096358
2013-07-22,1.0334,-0.327932
2013-07-23,1.0287,-0.454809
2013-07-24,1.0316,0.281909
2013-07-25,1.028,-0.348972
2013-07-26,1.0278,-0.019455
2013-07-29,1.0265,-0.126484
2013-07-30,1.0305,0.389674
2013-07-31,1.0277,-0.271713
2013-08-01,1.0346,0.671402
2013-08-02,1.0392,0.444616
2013-08-05,1.036,-0.307929
2013-08-06,1.0377,0.164093
2013-08-07,1.0423,0.443288
2013-08-08,1.0328,-0.911446
2013-08-09,1.0289,-0.377614
2013-08-12,1.0307,0.174944
2013-08-13,1.0343,0.349277
2013-08-14,1.0342,-0.009668
2013-08-15,1.0306,-0.348095
2013-08-16,1.0336,0.291093
2013-08-19,1.0345,0.087074
2013-08-20,1.0392,0.454326
2013-08-21,1.0474,0.789069
2013-08-22,1.0516,0.400993
2013-08-23,1.0496,-0.190186
2013-08-26,1.0501,0.047637
2013-08-27,1.0474,-0.257118
2013-08-28,1.0487,0.124117
2013-08-29,1.0532,0.429103
2013-08-30,1.0537,0.047474
2013-09-02,1.0544,0.066433
2013-09-03,1.0535,-0.085357
2013-09-04,1.0496,-0.370195
2013-09-05,1.0505,0.085747
2013-09-06,1.0405,-0.951928
2013-09-09,1.0369,-0.345988
2013-09-10,1.0349,-0.192883
2013-09-11,1.0319,-0.289883
2013-09-12,1.0323,0.038763
2013-09-13,1.0351,0.271239
2013-09-16,1.0324,-0.260844
2013-09-17,1.0296,-0.271213
2013-09-18,1.022,-0.738151
2013-09-19,1.0265,0.440313
2013-09-20,1.0304,0.379932
2013-09-23,1.0284,-0.194099
2013-09-24,1.03,0.155581
2013-09-25,1.0314,0.135922
2013-09-26,1.031,-0.038782
2013-09-27,1.0306,-0.038797
2013-09-30,1.0309,0.029109
2013-10-01,1.0322,0.126103
2013-10-02,1.0337,0.145321
2013-10-03,1.0333,-0.038696
2013-10-04,1.0294,-0.377432
2013-10-07,1.0313,0.184574
2013-10-08,1.0368,0.533307
2013-10-09,1.0394,0.250772
2013-10-10,1.0398,0.038484
2013-10-11,1.0349,-0.471244
2013-10-14,1.0354,0.048314
2013-10-15,1.0383,0.280085
2013-10-16,1.0328,-0.529712
2013-10-17,1.0289,-0.377614
2013-10-18,1.0286,-0.029157
2013-10-21,1.0304,0.174995
2013-10-22,1.0286,-0.174689
2013-10-23,1.0382,0.933307
2013-10-24,1.0422,0.385282
2013-10-25,1.0448,0.249472
2013-10-28,1.0445,-0.028714
2013-10-29,1.0469,0.229775
2013-10-30,1.0479,0.09552
2013-10-31,1.0431,-0.458059
2013-11-01,1.042,-0.105455
2013-11-04,1.0425,0.047985
2013-11-05,1.0456,0.297362
2013-11-06,1.0418,-0.363428
2013-11-07,1.0462,0.422346
2013-11-08,1.0479,0.162493
2013-11-11,1.0476,-0.028629
2013-11-12,1.0495,0.181367
2013-11-13,1.0457,-0.362077
2013-11-14,1.0464,0.066941
2013-11-15,1.0439,-0.238914
2013-11-18,1.0429,-0.095795
2013-11-19,1.0469,0.383546
2013-11-20,1.0453,-0.152832
2013-11-21,1.0517,0.612264
2013-11-22,1.0514,-0.028525
2013-11-25,1.0543,0.275823
2013-11-26,1.0541,-0.01897
2013-11-27,1.0595,0.512285
2013-11-28,1.0581,-0.132138
2013-11-29,1.0614,0.31188
2013-12-02,1.0644,0.282646
2013-12-03,1.0649,0.046975
2013-12-04,1.0684,0.328669
2013-12-05,1.0654,-0.280794
2013-12-06,1.064,-0.131406
2013-12-09,1.0627,-0.12218
2013-12-10,1.0603,-0.22584
2013-12-11,1.059,-0.122607
2013-12-12,1.064,0.472144
2013-12-13,1.0585,-0.516917
2013-12-16,1.0596,0.103921
2013-12-17,1.0607,0.103813
2013-12-18,1.0703,0.905063
2013-12-19,1.0664,-0.364384
2013-12-20,1.0635,-0.271943
2013-12-23,1.0605,-0.282087
2013-12-24,1.0631,0.245167
2013-12-25,1.063,-0.009406
2013-12-26,1.0648,0.169332
2013-12-27,1.0706,0.544703
2013-12-30,1.0648,-0.541752
2013-12-31,1.0623,-0.234786
2014-01-01,1.0644,0.197684
2014-01-02,1.067,0.244269
2014-01-03,1.0635,-0.328022
2014-01-06,1.0656,0.197461
2014-01-07,1.0766,1.032282
2014-01-08,1.082,0.501579
2014-01-09,1.0842,0.203327
2014-01-10,1.0892,0.46117
2014-01-13,1.0863,-0.26625
2014-01-14,1.0946,0.764061
2014-01-15,1.0934,-0.109629
2014-01-16,1.093,-0.036583
2014-01-17,1.0964,0.31107
2014-01-20,1.0949,-0.136811
2014-01-21,1.0967,0.164399
2014-01-22,1.1087,1.094192
2014-01-23,1.1102,0.135294
2014-01-24,1.1088,-0.126103
2014-01-27,1.1116,0.252525
2014-01-28,1.1153,0.332854
2014-01-29,1.1171,0.161392
2014-01-30,1.1157,-0.125325
2014-01-31,1.1128,-0.259927
2014-02-03,1.1119,-0.080877
2014-02-04,1.1082,-0.332764
2014-02-05,1.1083,0.009024
2014-02-06,1.107,-0.117297
2014-02-07,1.1032,-0.34327
2014-02-10,1.1055,0.208484
2014-02-11,1.1009,-0.416101
2014-02-12,1.1003,-0.054501
2014-02-13,1.0977,-0.236299
2014-02-14,1.0978,0.00911
2014-02-17,1.0965,-0.118419
2014-02-18,1.0947,-0.164159
2014-02-19,1.108,1.214945
2014-02-20,1.1099,0.17148
2014-02-21,1.1108,0.081088
2014-02-24,1.106,-0.432121
2014-02-25,1.1085,0.22604
2014-02-26,1.1128,0.387912
2014-02-27,1.1121,-0.062904
2014-02-28,1.1064,-0.512544
2014-03-03,1.1076,0.10846
2014-03-04,1.1092,0.144456
2014-03-05,1.1029,-0.567977
2014-03-06,1.0985,-0.398948
2014-03-07,1.1087,0.928539
2014-03-10,1.1108,0.189411
2014-03-11,1.1106,-0.018005
2014-03-12,1.1118,0.10805
2014-03-13,1.1076,-0.377766
2014-03-14,1.1105,0.261827
2014-03-17,1.1052,-0.477262
2014-03-18,1.1135,0.750995
2014-03-19,1.1238,0.925011
2014-03-20,1.1244,0.05339
2014-03-21,1.1221,-0.204554
2014-03-24,1.1192,-0.258444
2014-03-25,1.1167,-0.223374
2014-03-26,1.1102,-0.582072
2014-03-27,1.1031,-0.639524
2014-03-28,1.1061,0.271961
2014-03-31,1.105,-0.099449
2014-04-01,1.1024,-0.235294
2014-04-02,1.1033,0.08164
2014-04-03,1.1035,0.018127
2014-04-04,1.0981,-0.489352
2014-04-07,1.0975,-0.05464
2014-04-08,1.0923,-0.473804
2014-04-09,1.0879,-0.40282
2014-04-10,1.0936,0.523945
2014-04-11,1.098,0.402341
2014-04-14,1.0962,-0.163934
2014-04-15,1.0978,0.145959
2014-04-16,1.1011,0.300601
2014-04-17,1.1003,-0.072655
2014-04-18,1.1024,0.190857
2014-04-21,1.101,-0.126996
2014-04-22,1.1026,0.145322
2014-04-23,1.1032,0.054417
2014-04-24,1.1021,-0.09971
2014-04-25,1.1039,0.163325
2014-04-28,1.1029,-0.090588
2014-04-29,1.0944,-0.770695
2014-04-30,1.0962,0.164474
2014-05-01,1.0956,-0.054735
2014-05-02,1.0972,0.146039
2014-05-05,1.0955,-0.15494
2014-05-06,1.0895,-0.547695
2014-05-07,1.09,0.045893
2014-05-08,1.0831,-0.633028
2014-05-09,1.0898,0.618595
2014-05-12,1.0896,-0.018352
2014-05-13,1.0904,0.073421
2014-05-14,1.0889,-0.137564
2014-05-15,1.0885,-0.036734
2014-05-16,1.0861,-0.220487
2014-05-19,1.0875,0.128902
2014-05-20,1.0908,0.303448
2014-05-21,1.0912,0.03667
2014-05-22,1.0891,-0.192449
2014-05-23,1.0861,-0.275457
2014-05-26,1.0859,-0.018415
2014-05-27,1.0858,-0.009209
2014-05-28,1.0875,0.156567
2014-05-29,1.0837,-0.349425
2014-05-30,1.0846,0.083049
2014-06-02,1.09,0.497879
2014-06-03,1.0908,0.073394
2014-06-04,1.094,0.293363
2014-06-05,1.0925,-0.137112
2014-06-06,1.0931,0.05492
2014-06-09,1.0904,-0.247004
2014-06-10,1.0903,-0.009171
2014-06-11,1.0868,-0.321013
2014-06-12,1.0856,-0.110416
2014-06-13,1.0855,-0.009211
2014-06-16,1.0845,-0.092123
2014-06-17,1.0861,0.147533
2014-06-18,1.0836,-0.230181
2014-06-19,1.0818,-0.166113
2014-06-20,1.0758,-0.554631
2014-06-23,1.0732,-0.241681
2014-06-24,1.0745,0.121133
2014-06-25,1.0719,-0.241973
2014-06-26,1.0689,-0.279877
2014-06-27,1.0666,-0.215174
2014-06-30,1.0671,0.046878
2014-07-01,1.0632,-0.365477
2014-07-02,1.0664,0.300978
2014-07-03,1.0634,-0.28132
2014-07-04,1.0653,0.178672
2014-07-07,1.0684,0.290998
2014-07-08,1.0679,-0.046799
2014-07-09,1.0651,-0.262197
2014-07-10,1.065,-0.009389
2014-07-11,1.0734,0.788732
2014-07-14,1.0712,-0.204956
2014-07-15,1.0759,0.43876
2014-07-16,1.0741,-0.167302
2014-07-17,1.0763,0.204823
2014-07-18,1.0733,-0.278733
2014-07-21,1.0738,0.046585
2014-07-22,1.0738,0.0
2014-07-23,1.0728,-0.093127
2014-07-24,1.0745,0.158464
2014-07-25,1.0812,0.623546
2014-07-28,1.0799,-0.120237
2014-07-29,1.0852,0.490786
2014-07-30,1.0903,0.469959
2014-07-31,1.0906,0.027515
2014-08-01,1.0916,0.091693
2014-08-04,1.0906,-0.091609
2014-08-05,1.0961,0.50431
2014-08-06,1.0916,-0.410546
2014-08-07,1.0926,0.091609
2014-08-08,1.0973,0.430167
2014-08-11,1.0921,-0.47389
2014-08-12,1.0925,0.036627
2014-08-13,1.0914,-0.100686
2014-08-14,1.0902,-0.109951
2014-08-15,1.0897,-0.045863
2014-08-18,1.0887,-0.091768
2014-08-19,1.0942,0.50519
2014-08-20,1.097,0.255895
2014-08-21,1.0941,-0.264357
2014-08-22,1.0943,0.01828
2014-08-25,1.0984,0.374669
2014-08-26,1.0952,-0.291333
2014-08-27,1.0865,-0.794375
2014-08-28,1.0861,-0.036815
2014-08-29,1.0878,0.156523
2014-09-01,1.0871,-0.06435
2014-09-02,1.0929,0.53353
2014-09-03,1.0888,-0.375149
2014-09-04,1.0875,-0.119398
2014-09-05,1.088,0.045977
2014-09-08,1.0974,0.863971
2014-09-09,1.0984,0.091124
2014-09-10,1.0938,-0.418791
2014-09-11,1.1035,0.886817
2014-09-12,1.1093,0.5256
2014-09-15,1.1055,-0.342558
2014-09-16,1.097,-0.768883
2014-09-17,1.0998,0.255242
2014-09-18,1.0934,-0.581924
2014-09-19,1.0963,0.265228
2014-09-22,1.1044,0.738849
2014-09-23,1.1078,0.307859
2014-09-24,1.1058,-0.180538
2014-09-25,1.111,0.470248
2014-09-26,1.1154,0.39604
2014-09-29,1.1164,0.089654
2014-09-30,1.1198,0.30455
2014-10-01,1.1163,-0.312556
2014-10-02,1.1157,-0.053749
2014-10-03,1.1244,0.77978
2014-10-06,1.1132,-0.996087
2014-10-07,1.1175,0.386274
2014-10-08,1.1107,-0.608501
2014-10-09,1.1185,0.70226
2014-10-10,1.1199,0.125168
2014-10-13,1.1199,0.0
2014-10-14,1.1297,0.875078
2014-10-15,1.1255,-0.37178
2014-10-16,1.1258,0.026655
2014-10-17,1.1277,0.168769
2014-10-20,1.1285,0.070941
2014-10-21,1.1221,-0.567125
2014-10-22,1.1236,0.133678
2014-10-23,1.123,-0.0534
2014-10-24,1.1231,0.008905
2014-10-27,1.1247,0.142463
2014-10-28,1.1166,-0.720192
2014-10-29,1.1183,0.152248
2014-10-30,1.1184,0.008942
2014-10-31,1.1266,0.73319
2014-11-03,1.1359,0.825493
2014-11-04,1.141,0.448983
2014-11-05,1.1386,-0.210342
2014-11-06,1.1423,0.32496
2014-11-07,1.1329,-0.822901
2014-11-10,1.1381,0.458999
2014-11-11,1.1336,-0.395396
2014-11-12,1.1319,-0.149965
2014-11-13,1.1367,0.424066
2014-11-14,1.1287,-0.703792
2014-11-17,1.1308,0.186055
2014-11-18,1.1296,-0.10612
2014-11-19,1.1341,0.398371
2014-11-20,1.1305,-0.317432
2014-11-21,1.1233,-0.636886
2014-11-24,1.1279,0.409508
2014-11-25,1.1258,-0.186187
2014-11-26,1.1247,-0.097708
2014-11-27,1.1331,0.746866
2014-11-28,1.1416,0.750154
2014-12-01,1.1329,-0.762088
2014-12-02,1.1407,0.688499
2014-12-03,1.1365,-0.368195
2014-12-04,1.1384,0.16718
2014-12-05,1.1435,0.447997
2014-12-08,1.148,0.393529
2014-12-09,1.1446,-0.296167
2014-12-10,1.1482,0.31452
2014-12-11,1.1521,0.339662
2014-12-12,1.1581,0.520788
2014-12-15,1.1672,0.78577
2014-12-16,1.1627,-0.385538
2014-12-17,1.163,0.025802
2014-12-18,1.1576,-0.464316
2014-12-19,1.16,0.207326
2014-12-22,1.1628,0.241379
2014-12-23,1.1617,-0.094599
2014-12-24,1.1624,0.060257
2014-12-25,1.1625,0.008603
2014-12-26,1.1627,0.017204
2014-12-29,1.1637,0.086007
2014-12-30,1.1611,-0.223425
2014-12-31,1.1621,0.086125
2015-01-01,1.1611,-0.086051
2015-01-02,1.1785,1.498579
2015-01-05,1.1763,-0.186678
2015-01-06,1.1836,0.62059
2015-01-07,1.1815,-0.177425
2015-01-08,1.1831,0.135421
2015-01-09,1.1867,0.304285
2015-01-12,1.1974,0.90166
2015-01-13,1.1959,-0.125271
2015-01-14,1.1951,-0.066895
2015-01-15,1.1961,0.083675
2015-01-16,1.1984,0.192292
2015-01-19,1.1941,-0.358812
2015-01-20,1.2113,1.440415
2015-01-21,1.234,1.87402
2015-01-22,1.238,0.324149
2015-01-23,1.242,0.323102
2015-01-26,1.2474,0.434783
2015-01-27,1.2399,-0.601251
2015-01-28,1.2536,1.104928
2015-01-29,1.2616,0.638162
2015-01-30,1.2732,0.919467
2015-02-02,1.2564,-1.31951
2015-02-03,1.2415,-1.185928
2015-02-04,1.2574,1.280709
2015-02-05,1.2434,-1.113409
2015-02-06,1.2527,0.747949
2015-02-09,1.2467,-0.478965
2015-02-10,1.2587,0.962541
2015-02-11,1.2632,0.357512
2015-02-12,1.2509,-0.973718
2015-02-13,1.2448,-0.487649
2015-02-16,1.2466,0.144602
2015-02-17,1.2389,-0.61768
2015-02-18,1.2455,0.532731
2015-02-19,1.2495,0.321156
2015-02-20,1.2531,0.288115
2015-02-23,1.2571,0.319208
2015-02-24,1.2486,-0.676159
2015-02-25,1.2436,-0.400449
2015-02-26,1.2515,0.635252
2015-02-27,1.2515,0.0
2015-03-02,1.2535,0.159808
2015-03-03,1.2496,-0.311129
2015-03-04,1.2427,-0.552177
2015-03-05,1.2486,0.474773
2015-03-06,1.2624,1.105238
2015-03-09,1.2604,-0.158428
2015-03-10,1.2689,0.674389
2015-03-11,1.275,0.480731
2015-03-12,1.2686,-0.501961
2015-03-13,1.2783,0.764622
2015-03-16,1.2773,-0.078229
2015-03-17,1.2788,0.117435
2015-03-18,1.2566,-1.736003
2015-03-19,1.2717,1.201655
2015-03-20,1.2552,-1.297476
2015-03-23,1.2523,-0.231039
2015-03-24,1.2493,-0.239559
2015-03-25,1.252,0.216121
2015-03-26,1.2483,-0.295527
2015-03-27,1.2609,1.009373
2015-03-30,1.2675,0.523436
2015-03-31,1.2686,0.086785
2015-04-01,1.2621,-0.512376
2015-04-02,1.2559,-0.491245
2015-04-03,1.2484,-0.597181
2015-04-06,1.2482,-0.016021
2015-04-07,1.2506,0.192277
2015-04-08,1.2546,0.319846
2015-04-09,1.2578,0.255061
2015-04-10,1.2566,-0.095405
2015-04-13,1.2596,0.238739
2015-04-14,1.2485,-0.881232
2015-04-15,1.229,-1.561874
2015-04-16,1.2189,-0.821806
2015-04-17,1.2246,0.467635
2015-04-20,1.2225,-0.171485
2015-04-21,1.228,0.449898
2015-04-22,1.2238,-0.34202
2015-04-23,1.2144,-0.768099
2015-04-24,1.2174,0.247036
2015-04-27,1.2086,-0.722852
2015-04-28,1.2033,-0.438524
2015-04-29,1.202,-0.108036
2015-04-30,1.2077,0.47421
2015-05-01,1.2159,0.678977
2015-05-04,1.2095,-0.526359
2015-05-05,1.2069,-0.214965
2015-05-06,1.2048,-0.174
2015-05-07,1.213,0.680611
2015-05-08,1.2071,-0.486397
2015-05-11,1.2103,0.265098
2015-05-12,1.2019,-0.694043
2015-05-13,1.1958,-0.50753
2015-05-14,1.1983,0.209065
2015-05-15,1.2014,0.2587
2015-05-18,1.216,1.215249
2015-05-19,1.2233,0.600329
2015-05-20,1.2208,-0.204365
2015-05-21,1.2199,-0.073722
2015-05-22,1.2279,0.655791
2015-05-25,1.2314,0.285039
2015-05-26,1.2434,0.974501
2015-05-27,1.2452,0.144764
2015-05-28,1.2435,-0.136524
2015-05-29,1.2454,0.152795
2015-06-01,1.2522,0.546009
2015-06-02,1.2401,-0.966299
2015-06-03,1.2452,0.411257
2015-06-04,1.2502,0.401542
2015-06-05,1.2444,-0.463926
2015-06-08,1.241,-0.273224
2015-06-09,1.2337,-0.588235
2015-06-10,1.2255,-0.664667
2015-06-11,1.2292,0.301918
2015-06-12,1.2322,0.244061
2015-06-15,1.2325,0.024347
2015-06-16,1.2295,-0.243408
2015-06-17,1.2228,-0.544937
2015-06-18,1.2222,-0.049068
2015-06-19,1.2267,0.368189
2015-06-22,1.2309,0.342382
2015-06-23,1.2327,0.146234
2015-06-24,1.2383,0.454287
2015-06-25,1.2328,-0.444157
2015-06-26,1.2321,-0.056781
2015-06-29,1.2403,0.66553
2015-06-30,1.2494,0.733693
2015-07-01,1.259,0.768369
2015-07-02,1.254,-0.397141
2015-07-03,1.2574,0.271132
2015-07-06,1.2652,0.620328
2015-07-07,1.2705,0.418906
2015-07-08,1.2746,0.322708
2015-07-09,1.2707,-0.305978
2015-07-10,1.2658,-0.385614
2015-07-13,1.2741,0.655712
2015-07-14,1.2728,-0.102033
2015-07-15,1.2913,1.453488
2015-07-16,1.2957,0.340742
2015-07-17,1.2972,0.115768
2015-07-20,1.2994,0.169596
2015-07-21,1.2948,-0.35401
2015-07-22,1.3033,0.656472
2015-07-23,1.3037,0.030691
2015-07-24,1.3049,0.092046
2015-07-27,1.3038,-0.084298
2015-07-28,1.2921,-0.897377
2015-07-29,1.2945,0.185744
2015-07-30,1.3,0.424874
2015-07-31,1.3091,0.7
2015-08-03,1.3156,0.496524
2015-08-04,1.3193,0.28124
2015-08-05,1.3177,-0.121276
2015-08-06,1.311,-0.508462
2015-08-07,1.3131,0.160183
2015-08-10,1.3001,-0.990024
2015-08-11,1.3114,0.869164
2015-08-12,1.2977,-1.044685
2015-08-13,1.306,0.639593
2015-08-14,1.3088,0.214395
2015-08-17,1.3079,-0.068765
2015-08-18,1.3059,-0.152917
2015-08-19,1.3129,0.536029
2015-08-20,1.3087,-0.319903
2015-08-21,1.3189,0.779399
2015-08-24,1.3287,0.743043
2015-08-25,1.3336,0.368782
2015-08-26,1.3292,-0.329934
2015-08-27,1.3199,-0.699669
2015-08-28,1.32,0.007576
2015-08-31,1.314,-0.454545
2015-09-01,1.3259,0.905632
2015-09-02,1.3269,0.07542
2015-09-03,1.3179,-0.678273
2015-09-04,1.3282,0.781546
2015-09-07,1.3307,0.188225
2015-09-08,1.3208,-0.743969
2015-09-09,1.3259,0.38613
2015-09-10,1.3252,-0.052794
2015-09-11,1.3264,0.090552
2015-09-14,1.3265,0.007539
2015-09-15,1.3249,-0.120618
2015-09-16,1.3172,-0.581176
2015-09-17,1.3183,0.08351
2015-09-18,1.3226,0.326178
2015-09-21,1.3255,0.219265
2015-09-22,1.3272,0.128253
2015-09-23,1.332,0.361664
2015-09-24,1.3305,-0.112613
2015-09-25,1.3337,0.240511
2015-09-28,1.3397,0.449876
2015-09-29,1.3422,0.186609
2015-09-30,1.3313,-0.8121
2015-10-01,1.3268,-0.338015
2015-10-02,1.3152,-0.874284
2015-10-05,1.3086,-0.501825
2015-10-06,1.3034,-0.397371
2015-10-07,1.3057,0.176462
2015-10-08,1.3016,-0.314008
2015-10-09,1.2945,-0.545482
2015-10-12,1.2998,0.409424
2015-10-13,1.3039,0.315433
2015-10-14,1.2936,-0.789938
2015-10-15,1.2864,-0.556586
2015-10-16,1.2914,0.388682
2015-10-19,1.3019,0.813071
2015-10-20,1.298,-0.299562
2015-10-21,1.3139,1.224961
2015-10-22,1.3088,-0.388157
2015-10-23,1.3166,0.595966
2015-10-26,1.3153,-0.098739
2015-10-27,1.3269,0.881928
2015-10-28,1.3191,-0.587836
2015-10-29,1.3172,-0.144038
2015-10-30,1.308,-0.698451
2015-11-02,1.3094,0.107034
2015-11-03,1.306,-0.259661
2015-11-04,1.315,0.689127
2015-11-05,1.317,0.152091
2015-11-06,1.3306,1.03265
2015-11-09,1.3287,-0.142793
2015-11-10,1.3275,-0.090314
2015-11-11,1.3262,-0.097928
2015-11-12,1.3291,0.21867
2015-11-13,1.3323,0.240764
2015-11-16,1.3331,0.060047
2015-11-17,1.3321,-0.075013
2015-11-18,1.3303,-0.135125
2015-11-19,1.3284,-0.142825
2015-11-20,1.3346,0.466727
2015-11-23,1.3365,0.142365
2015-11-24,1.3305,-0.448934
2015-11-25,1.329,-0.11274
2015-11-26,1.3294,0.030098
2015-11-27,1.3371,0.579209
2015-11-30,1.3362,-0.06731
2015-12-01,1.3358,-0.029936
2015-12-02,1.3343,-0.112292
2015-12-03,1.3355,0.089935
2015-12-04,1.3362,0.052415
2015-12-07,1.3499,1.025296
2015-12-08,1.3585,0.637084
2015-12-09,1.358,-0.036805
2015-12-10,1.3625,0.33137
2015-12-11,1.3756,0.961468
2015-12-14,1.3734,-0.15993
2015-12-15,1.3733,-0.007281
2015-12-16,1.378,0.342241
2015-12-17,1.3937,1.139332
2015-12-18,1.3957,0.143503
2015-12-21,1.3959,0.01433
2015-12-22,1.392,-0.27939
2015-12-23,1.3849,-0.510057
2015-12-24,1.3821,-0.202181
2015-12-25,1.3824,0.021706
2015-12-28,1.3905,0.585938
2015-12-29,1.3844,-0.438691
2015-12-30,1.388,0.26004
2015-12-31,1.3839,-0.295389
2016-01-01,1.3855,0.115615
2016-01-04,1.3953,0.707326
2016-01-05,1.3996,0.308177
2016-01-06,1.4076,0.571592
2016-01-07,1.4115,0.277067
2016-01-08,1.4172,0.403826
2016-01-11,1.4216,0.310471
2016-01-12,1.4262,0.323579
2016-01-13,1.434,0.546908
2016-01-14,1.4366,0.181311
2016-01-15,1.4541,1.218154
2016-01-18,1.456,0.130665
2016-01-19,1.4579,0.130495
2016-01-20,1.4504,-0.514439
2016-01-21,1.4266,-1.640927
2016-01-22,1.4119,-1.030422
2016-01-25,1.4291,1.218217
2016-01-26,1.4118,-1.210552
2016-01-27,1.4096,-0.155829
2016-01-28,1.4029,-0.475312
2016-01-29,1.3976,-0.377789
2016-02-01,1.3948,-0.200343
2016-02-02,1.4055,0.767135
2016-02-03,1.3781,-1.949484
2016-02-04,1.3754,-0.195922
2016-02-05,1.3917,1.18511
2016-02-08,1.3927,0.071855
2016-02-09,1.3867,-0.430818
2016-02-10,1.3926,0.425471
2016-02-11,1.3937,0.078989
2016-02-12,1.385,-0.624238
2016-02-15,1.3834,-0.115523
2016-02-16,1.3864,0.216857
2016-02-17,1.3672,-1.384882
2016-02-18,1.3726,0.394968
2016-02-19,1.3766,0.291418
2016-02-22,1.3706,-0.435856
2016-02-23,1.3793,0.634759
2016-02-24,1.3702,-0.659755
2016-02-25,1.353,-1.255291
2016-02-26,1.3513,-0.125647
2016-02-29,1.354,0.199808
2016-03-01,1.341,-0.960118
2016-03-02,1.3417,0.0522
2016-03-03,1.3404,-0.096892
2016-03-04,1.3317,-0.64906
2016-03-07,1.3282,-0.262822
2016-03-08,1.3409,0.956181
2016-03-09,1.3248,-1.200686
2016-03-10,1.3346,0.739734
2016-03-11,1.3209,-1.026525
2016-03-14,1.326,0.3861
2016-03-15,1.3356,0.723982
2016-03-16,1.3097,-1.939203
2016-03-17,1.2976,-0.923876
2016-03-18,1.3004,0.215783
2016-03-21,1.3101,0.745924
2016-03-22,1.3049,-0.396916
2016-03-23,1.3204,1.18783
2016-03-24,1.3248,0.333232
2016-03-25,1.327,0.166063
2016-03-28,1.3187,-0.625471
2016-03-29,1.3074,-0.856905
2016-03-30,1.2966,-0.826067
2016-03-31,1.3004,0.293074
2016-04-01,1.3011,0.05383
2016-04-04,1.3088,0.591807
2016-04-05,1.3137,0.374389
2016-04-06,1.3089,-0.36538
2016-04-07,1.3145,0.42784
2016-04-08,1.2988,-1.19437
2016-04-11,1.2898,-0.692947
2016-04-12,1.2759,-1.077686
2016-04-13,1.2817,0.454581
2016-04-14,1.2844,0.210658
2016-04-15,1.2822,-0.171286
2016-04-18,1.2784,-0.296366
2016-04-19,1.2671,-0.883917
2016-04-20,1.2655,-0.126273
2016-04-21,1.2735,0.632161
2016-04-22,1.2672,-0.4947
2016-04-25,1.2678,0.047348
2016-04-26,1.2604,-0.583688
2016-04-27,1.2599,-0.03967
2016-04-28,1.2555,-0.349234
2016-04-29,1.2556,0.007965
2016-05-02,1.253,-0.207072
2016-05-03,1.2724,1.548284
2016-05-04,1.2869,1.139579
2016-05-05,1.2853,-0.12433
2016-05-06,1.2909,0.435696
2016-05-09,1.2962,0.410566
2016-05-10,1.291,-0.401173
2016-05-11,1.2853,-0.441518
2016-05-12,1.2846,-0.054462
2016-05-13,1.294,0.731745
2016-05-16,1.2895,-0.347759
2016-05-17,1.2909,0.108569
2016-05-18,1.3034,0.968317
2016-05-19,1.3094,0.460335
2016-05-20,1.3113,0.145105
2016-05-23,1.3143,0.228781
2016-05-24,1.3123,-0.152172
2016-05-25,1.302,-0.784882
2016-05-26,1.2979,-0.3149
2016-05-27,1.3021,0.3236
2016-05-30,1.3049,0.215037
2016-05-31,1.3093,0.337191
2016-06-01,1.3078,-0.114565
2016-06-02,1.3096,0.137636
2016-06-03,1.2937,-1.214111
2016-06-06,1.2817,-0.927572
2016-06-07,1.2735,-0.639775
2016-06-08,1.2693,-0.3298
2016-06-09,1.2724,0.244229
2016-06-10,1.2783,0.463691
2016-06-13,1.2837,0.422436
2016-06-14,1.2872,0.272649
2016-06-15,1.2912,0.310752
2016-06-16,1.2967,0.42596
2016-06-17,1.2894,-0.562968
2016-06-20,1.2806,-0.682488
2016-06-21,1.2817,0.085897
2016-06-22,1.2844,0.210658
2016-06-23,1.2753,-0.708502
2016-06-24,1.3004,1.968164
2016-06-27,1.3072,0.522916
2016-06-28,1.3025,-0.359547
2016-06-29,1.2935,-0.690979
2016-06-30,1.2924,-0.085041
2016-07-01,1.2912,-0.092851
2016-07-04,1.2846,-0.511152
2016-07-05,1.298,1.043126
2016-07-06,1.2962,-0.138675
2016-07-07,1.3002,0.308594
2016-07-08,1.3044,0.323027
2016-07-11,1.3117,0.559644
2016-07-12,1.3042,-0.571777
2016-07-13,1.2978,-0.490722
2016-07-14,1.2892,-0.66266
2016-07-15,1.2974,0.636053
2016-07-18,1.2945,-0.223524
2016-07-19,1.302,0.579374
2016-07-20,1.3057,0.284178
2016-07-21,1.3088,0.237421
2016-07-22,1.3127,0.297983
2016-07-25,1.3217,0.68561
2016-07-26,1.3188,-0.219414
2016-07-27,1.3189,0.007583
2016-07-28,1.3156,-0.250209
2016-07-29,1.303,-0.957738
2016-08-01,1.3124,0.721412
2016-08-02,1.311,-0.106675
2016-08-03,1.3067,-0.327994
2016-08-04,1.3019,-0.367338
2016-08-05,1.3172,1.175205
2016-08-08,1.3154,-0.136654
2016-08-09,1.3119,-0.266079
2016-08-10,1.3058,-0.464974
2016-08-11,1.2993,-0.497779
2016-08-12,1.2951,-0.323251
2016-08-15,1.2924,-0.208478
2016-08-16,1.2863,-0.47199
2016-08-17,1.2844,-0.14771
2016-08-18,1.2782,-0.482716
2016-08-19,1.2871,0.696292
2016-08-22,1.2946,0.582705
2016-08-23,1.2913,-0.254905
2016-08-24,1.2927,0.108418
2016-08-25,1.2922,-0.038679
2016-08-26,1.3003,0.626838
2016-08-29,1.3011,0.061524
2016-08-30,1.3099,0.676351
2016-08-31,1.3105,0.045805
2016-09-01,1.3103,-0.015261
2016-09-02,1.2993,-0.839502
2016-09-05,1.2928,-0.500269
2016-09-06,1.2844,-0.649752
2016-09-07,1.2884,0.311429
2016-09-08,1.2937,0.411363
2016-09-09,1.3049,0.865734
2016-09-12,1.304,-0.068971
2016-09-13,1.3176,1.042945
2016-09-14,1.3195,0.144202
2016-09-15,1.316,-0.265252
2016-09-16,1.3212,0.395137
2016-09-19,1.3203,-0.06812
2016-09-20,1.3189,-0.106037
2016-09-21,1.3101,-0.667223
2016-09-22,1.3042,-0.450347
2016-09-23,1.3172,0.99678
2016-09-26,1.3227,0.417552
2016-09-27,1.3196,-0.234369
2016-09-28,1.308,-0.879054
2016-09-29,1.3146,0.504587
2016-09-30,1.3127,-0.144531
2016-10-03,1.312,-0.053325
2016-10-04,1.3192,0.54878
2016-10-05,1.3176,-0.121286
2016-10-06,1.3218,0.318761
2016-10-07,1.3296,0.590104
2016-10-10,1.3176,-0.902527
2016-10-11,1.3265,0.675471
2016-10-12,1.3276,0.082925
2016-10-13,1.3192,-0.632721
2016-10-14,1.3139,-0.401759
2016-10-17,1.3129,-0.076109
2016-10-18,1.3109,-0.152335
2016-10-19,1.3114,0.038142
2016-10-20,1.323,0.884551
2016-10-21,1.3332,0.770975
2016-10-24,1.3286,-0.345035
2016-10-25,1.3351,0.489237
2016-10-26,1.3381,0.224702
2016-10-27,1.3386,0.037366
2016-10-28,1.3398,0.089646
2016-10-31,1.3409,0.082102
2016-11-01,1.339,-0.141696
2016-11-02,1.3393,0.022405
2016-11-03,1.3397,0.029866
2016-11-04,1.3404,0.052251
2016-11-07,1.3364,-0.298418
2016-11-08,1.3288,-0.568692
2016-11-09,1.3424,1.02348
2016-11-10,1.3469,0.335221
2016-11-11,1.3542,0.541985
2016-11-14,1.3557,0.110767
2016-11-15,1.3448,-0.804013
2016-11-16,1.3446,-0.014872
2016-11-17,1.3521,0.557787
2016-11-18,1.3505,-0.118334
2016-11-21,1.3418,-0.644206
2016-11-22,1.3441,0.171412
2016-11-23,1.3488,0.349676
2016-11-24,1.3492,0.029656
2016-11-25,1.3519,0.200119
2016-11-28,1.3412,-0.791479
2016-11-29,1.3432,0.14912
2016-11-30,1.3437,0.037225
2016-12-01,1.3319,-0.878172
2016-12-02,1.3292,-0.202718
2016-12-05,1.3271,-0.15799
2016-12-06,1.3277,0.045211
2016-12-07,1.3234,-0.323868
2016-12-08,1.3191,-0.324921
2016-12-09,1.3179,-0.090971
2016-12-12,1.313,-0.371804
2016-12-13,1.3131,0.007616
2016-12-14,1.3283,1.157566
2016-12-15,1.3336,0.399006
2016-12-16,1.3336,0.0
2016-12-19,1.3408,0.539892
2016-12-20,1.3368,-0.298329
2016-12-21,1.3413,0.336625
2016-12-22,1.3483,0.521882
2016-12-23,1.3533,0.370837
2016-12-26,1.3509,-0.177344
2016-12-27,1.3575,0.488563
2016-12-28,1.356,-0.110497
2016-12-29,1.3502,-0.427729
2016-12-30,1.3441,-0.451785
2017-01-02,1.3443,0.01488
2017-01-03,1.3427,-0.119021
2017-01-04,1.3302,-0.93096
2017-01-05,1.3225,-0.57886
2017-01-06,1.3237,0.090737
2017-01-09,1.3216,-0.158646
2017-01-10,1.3232,0.121065
2017-01-11,1.3179,-0.400544
2017-01-12,1.3145,-0.257986
2017-01-13,1.3114,-0.235831
2017-01-16,1.3175,0.465152
2017-01-17,1.3043,-1.001898
2017-01-18,1.3269,1.73273
2017-01-19,1.3318,0.369282
2017-01-20,1.332,0.015017
2017-01-23,1.3238,-0.615616
2017-01-24,1.3158,-0.604321
2017-01-25,1.307,-0.668795
2017-01-26,1.309,0.153022
2017-01-27,1.3153,0.481283
2017-01-30,1.3117,-0.273702
2017-01-31,1.303,-0.663261
2017-02-01,1.3049,0.145817
2017-02-02,1.3027,-0.168595
2017-02-03,1.3023,-0.030705
2017-02-06,1.3084,0.468402
2017-02-07,1.3185,0.771935
2017-02-08,1.3144,-0.310959
2017-02-09,1.3145,0.007608
2017-02-10,1.3083,-0.471662
2017-02-13,1.3071,-0.091722
2017-02-14,1.3076,0.038253
2017-02-15,1.308,0.03059
2017-02-16,1.3071,-0.068807
2017-02-17,1.3096,0.191263
2017-02-20,1.3106,0.076359
2017-02-21,1.3141,0.267053
2017-02-22,1.3164,0.175025
2017-02-23,1.3105,-0.448192
2017-02-24,1.3091,-0.106829
2017-02-27,1.318,0.679856
2017-02-28,1.3301,0.918058
2017-03-01,1.3325,0.180438
2017-03-02,1.3391,0.49531
2017-03-03,1.338,-0.082145
2017-03-06,1.3412,0.239163
2017-03-07,1.3413,0.007456
2017-03-08,1.3491,0.581525
2017-03-09,1.3511,0.148247
2017-03-10,1.3471,-0.296055
2017-03-13,1.3446,-0.185584
2017-03-14,1.3479,0.245426
2017-03-15,1.3304,-1.298316
2017-03-16,1.3319,0.112748
2017-03-17,1.335,0.23275
2017-03-20,1.335,0.0
2017-03-21,1.3352,0.014981
2017-03-22,1.3329,-0.172259
2017-03-23,1.335,0.157551
2017-03-24,1.3378,0.209738
2017-03-27,1.3376,-0.01495
2017-03-28,1.3383,0.052333
2017-03-29,1.3326,-0.425913
2017-03-30,1.3341,0.112562
2017-03-31,1.3318,-0.172401
2017-04-03,1.3381,0.473044
2017-04-04,1.3402,0.156939
2017-04-05,1.3435,0.246232
2017-04-06,1.3413,-0.163751
2017-04-07,1.3398,-0.111832
2017-04-10,1.3326,-0.537394
2017-04-11,1.3325,-0.007504
2017-04-12,1.3254,-0.532833
2017-04-13,1.3329,0.565867
2017-04-14,1.3325,-0.03001
2017-04-17,1.3317,-0.060038
2017-04-18,1.338,0.47308
2017-04-19,1.3485,0.784753
2017-04-20,1.3469,-0.11865
2017-04-21,1.3498,0.215309
2017-04-24,1.3501,0.022226
2017-04-25,1.3572,0.525887
2017-04-26,1.3617,0.331565
2017-04-27,1.3633,0.1175
2017-04-28,1.3653,0.146703
2017-05-01,1.3681,0.205083
2017-05-02,1.3709,0.204663
2017-05-03,1.373,0.153184
2017-05-04,1.3749,0.138383
2017-05-05,1.3652,-0.705506
2017-05-08,1.3691,0.285672
2017-05-09,1.372,0.211818
2017-05-10,1.3656,-0.466472
2017-05-11,1.3697,0.300234
2017-05-12,1.371,0.094911
2017-05-15,1.3633,-0.561634
2017-05-16,1.3606,-0.198049
2017-05-17,1.3602,-0.029399
2017-05-18,1.3603,0.007352
2017-05-19,1.3511,-0.676321
2017-05-22,1.3503,-0.059211
2017-05-23,1.3514,0.081463
2017-05-24,1.3407,-0.791771
2017-05-25,1.3485,0.581786
2017-05-26,1.3446,-0.28921
2017-05-29,1.3452,0.044623
2017-05-30,1.3459,0.052037
2017-05-31,1.35,0.304629
2017-06-01,1.3515,0.111111
2017-06-02,1.3487,-0.207177
2017-06-05,1.3473,-0.103804
2017-06-06,1.3455,-0.133601
2017-06-07,1.3509,0.401338
2017-06-08,1.3506,-0.022207
2017-06-09,1.347,-0.266548
2017-06-12,1.3324,-1.08389
2017-06-13,1.3242,-0.615431
2017-06-14,1.3247,0.037759
2017-06-15,1.3269,0.166075
2017-06-16,1.3213,-0.422036
2017-06-19,1.3219,0.04541
2017-06-20,1.3268,0.370679
2017-06-21,1.3334,0.497437
2017-06-22,1.3233,-0.757462
2017-06-23,1.3267,0.256933
2017-06-26,1.3244,-0.173362
2017-06-27,1.3199,-0.339777
2017-06-28,1.3039,-1.212213
2017-06-29,1.3004,-0.268425
2017-06-30,1.2964,-0.307598
2017-07-03,1.3007,0.331688
2017-07-04,1.2937,-0.538172
2017-07-05,1.2957,0.154595
2017-07-06,1.2978,0.162075
2017-07-07,1.2876,-0.785945
2017-07-10,1.2891,0.116496
2017-07-11,1.2915,0.186176
2017-07-12,1.2751,-1.269841
2017-07-13,1.2722,-0.227433
2017-07-14,1.2644,-0.613111
2017-07-17,1.2697,0.419171
2017-07-18,1.2628,-0.543435
2017-07-19,1.2606,-0.174216
2017-07-20,1.2589,-0.134856
2017-07-21,1.2539,-0.397172
2017-07-24,1.251,-0.231278
2017-07-25,1.2509,-0.007994
2017-07-26,1.2445,-0.511632
2017-07-27,1.2554,0.875854
2017-07-28,1.2433,-0.963836
2017-07-31,1.248,0.378026
2017-08-01,1.2538,0.464744
2017-08-02,1.257,0.255224
2017-08-03,1.2586,0.127287
2017-08-04,1.2645,0.468775
2017-08-07,1.268,0.276789
2017-08-08,1.2667,-0.102524
2017-08-09,1.27,0.260519
2017-08-10,1.2744,0.346457
2017-08-11,1.2677,-0.525738
2017-08-14,1.2722,0.354974
2017-08-15,1.2757,0.275114
2017-08-16,1.2618,-1.089598
2017-08-17,1.2682,0.507212
2017-08-18,1.2585,-0.764864
2017-08-21,1.2558,-0.214541
2017-08-22,1.2565,0.055741
2017-08-23,1.2554,-0.087545
2017-08-24,1.252,-0.27083
2017-08-25,1.2481,-0.311502
2017-08-28,1.2508,0.216329
2017-08-29,1.2512,0.03198
2017-08-30,1.2621,0.871164
2017-08-31,1.2482,-1.101339
2017-09-01,1.2394,-0.705015
2017-09-04,1.2416,0.177505
2017-09-05,1.2374,-0.338273
2017-09-06,1.2226,-1.196056
2017-09-07,1.2115,-0.907901
2017-09-08,1.2159,0.363186
2017-09-11,1.211,-0.402994
2017-09-12,1.2186,0.627581
2017-09-13,1.2172,-0.114886
2017-09-14,1.2165,-0.057509
2017-09-15,1.2198,0.27127
2017-09-18,1.2291,0.76242
2017-09-19,1.2292,0.008136
2017-09-20,1.2323,0.252197
2017-09-21,1.2327,0.03246
2017-09-22,1.2339,0.097347
2017-09-25,1.2371,0.25934
2017-09-26,1.2349,-0.177835
2017-09-27,1.2477,1.036521
2017-09-28,1.2428,-0.392723
2017-09-29,1.2472,0.354039
2017-10-02,1.2508,0.288647
2017-10-03,1.2487,-0.167893
2017-10-04,1.2476,-0.088092
2017-10-05,1.2565,0.71337
2017-10-06,1.2529,-0.28651
2017-10-09,1.2551,0.175593
2017-10-10,1.2515,-0.28683
2017-10-11,1.2458,-0.455453
2017-10-12,1.2475,0.136459
2017-10-13,1.2468,-0.056112
2017-10-16,1.2518,0.401027
2017-10-17,1.2522,0.031954
2017-10-18,1.2467,-0.439227
2017-10-19,1.2485,0.144381
2017-10-20,1.2627,1.137365
2017-10-23,1.2647,0.158391
2017-10-24,1.2675,0.221396
2017-10-25,1.2796,0.954635
2017-10-26,1.2847,0.398562
2017-10-27,1.2808,-0.303573
2017-10-30,1.2833,0.195191
2017-10-31,1.2888,0.428583
2017-11-01,1.2865,-0.178461
2017-11-02,1.2809,-0.43529
2017-11-03,1.2764,-0.351315
2017-11-06,1.2704,-0.470072
2017-11-07,1.2777,0.574622
2017-11-08,1.2729,-0.375675
2017-11-09,1.2683,-0.36138
2017-11-10,1.2682,-0.007885
2017-11-13,1.2733,0.402145
2017-11-14,1.2731,-0.015707
2017-11-15,1.2764,0.25921
2017-11-16,1.2757,-0.054842
2017-11-17,1.2763,0.047033
2017-11-20,1.282,0.446603
2017-11-21,1.2778,-0.327613
2017-11-22,1.2696,-0.641728
2017-11-23,1.2713,0.1339
2017-11-24,1.2712,-0.007866
2017-11-27,1.2769,0.448395
2017-11-28,1.2815,0.360247
2017-11-29,1.2865,0.390168
2017-11-30,1.2897,0.248737
2017-12-01,1.2685,-1.643793
2017-12-04,1.2673,-0.0946
2017-12-05,1.2691,0.142034
2017-12-06,1.2789,0.772201
2017-12-07,1.2854,0.508249
2017-12-08,1.2848,-0.046678
2017-12-11,1.2856,0.062267
2017-12-12,1.2866,0.077785
2017-12-13,1.2817,-0.380849
2017-12-14,1.2797,-0.156043
2017-12-15,1.2866,0.539189
2017-12-18,1.2862,-0.03109
2017-12-19,1.2878,0.124397
2017-12-20,1.2835,-0.333903
2017-12-21,1.274,-0.740164
2017-12-22,1.2729,-0.086342
2017-12-25,1.2727,-0.015712
2017-12-26,1.2687,-0.314292
2017-12-27,1.2655,-0.252227
2017-12-28,1.257,-0.671671
2017-12-29,1.2571,0.007955
2018-01-01,1.2545,-0.206825
2018-01-02,1.2512,-0.263053
2018-01-03,1.2536,0.191816
2018-01-04,1.2487,-0.390874
2018-01-05,1.2412,-0.600625
2018-01-08,1.2421,0.07251
2018-01-09,1.2464,0.346188
2018-01-10,1.2547,0.665918
2018-01-11,1.2519,-0.223161
2018-01-12,1.2459,-0.479272
2018-01-15,1.2429,-0.24079
2018-01-16,1.2435,0.048274
2018-01-17,1.2438,0.024125
2018-01-18,1.2418,-0.160798
2018-01-19,1.2493,0.603962
2018-01-22,1.2444,-0.39222
2018-01-23,1.2419,-0.2009
2018-01-24,1.2348,-0.571705
2018-01-25,1.2377,0.234856
2018-01-26,1.2308,-0.557486
2018-01-29,1.234,0.259993
2018-01-30,1.2336,-0.032415
2018-01-31,1.2315,-0.170233
2018-02-01,1.2268,-0.381648
2018-02-02,1.2429,1.312357
2018-02-05,1.2539,0.885027
2018-02-06,1.2492,-0.374831
2018-02-07,1.2568,0.608389
2018-02-08,1.2603,0.278485
2018-02-09,1.2581,-0.174562
2018-02-12,1.2577,-0.031794
2018-02-13,1.2592,0.119265
2018-02-14,1.2493,-0.786213
2018-02-15,1.2481,-0.096054
2018-02-16,1.2558,0.616938
2018-02-19,1.2561,0.023889
2018-02-20,1.2648,0.69262
2018-02-21,1.2703,0.434851
2018-02-22,1.2705,0.015744
2018-02-23,1.2633,-0.566706
2018-02-26,1.2681,0.379957
2018-02-27,1.2776,0.749152
2018-02-28,1.2831,0.430495
2018-03-01,1.2837,0.046762
2018-03-02,1.2882,0.350549
2018-03-05,1.2964,0.636547
2018-03-06,1.2876,-0.678803
2018-03-07,1.2912,0.27959
2018-03-08,1.2896,-0.123916
2018-03-09,1.2812,-0.651365
2018-03-12,1.2842,0.234155
2018-03-13,1.2966,0.965582
2018-03-14,1.2955,-0.084837
2018-03-15,1.3052,0.748746
2018-03-16,1.3096,0.337113
2018-03-19,1.3078,-0.137447
2018-03-20,1.3071,-0.053525
2018-03-21,1.2903,-1.285288
2018-03-22,1.2939,0.279005
2018-03-23,1.2895,-0.340057
2018-03-26,1.2843,-0.403257
2018-03-27,1.2886,0.334813
2018-03-28,1.2923,0.287133
2018-03-29,1.2884,-0.301788
2018-03-30,1.29,0.124185
2018-04-02,1.2913,0.100775
2018-04-03,1.2807,-0.820878
2018-04-04,1.277,-0.288905
2018-04-05,1.275,-0.156617
2018-04-06,1.2782,0.25098
2018-04-09,1.2697,-0.664998
2018-04-10,1.2602,-0.748208
2018-04-11,1.2581,-0.16664
2018-04-12,1.2587,0.047691
2018-04-13,1.2608,0.166839
2018-04-16,1.2567,-0.32519
2018-04-17,1.2551,-0.127318
2018-04-18,1.263,0.629432
2018-04-19,1.2672,0.332542
2018-04-20,1.2761,0.702336
2018-04-23,1.2849,0.689601
2018-04-24,1.2833,-0.124523
2018-04-25,1.2844,0.085717
2018-04-26,1.287,0.202429
2018-04-27,1.2828,-0.32634
2018-04-30,1.2843,0.116932
2018-05-01,1.2849,0.046718
2018-05-02,1.2884,0.272395
2018-05-03,1.2847,-0.287178
2018-05-04,1.2846,-0.007784
2018-05-07,1.2881,0.272458
2018-05-08,1.295,0.535673
2018-05-09,1.2854,-0.741313
2018-05-10,1.2767,-0.676832
2018-05-11,1.2795,0.219315
2018-05-14,1.2813,0.14068
2018-05-15,1.2877,0.499493
2018-05-16,1.279,-0.675623
2018-05-17,1.2808,0.140735
2018-05-18,1.2885,0.601187
2018-05-21,1.2789,-0.745052
2018-05-22,1.2819,0.234577
2018-05-23,1.2833,0.109213
2018-05-24,1.2882,0.381828
2018-05-25,1.2973,0.706412
2018-05-28,1.2993,0.154166
2018-05-29,1.3018,0.192411
2018-05-30,1.2873,-1.113842
2018-05-31,1.2958,0.660297
2018-06-01,1.2951,-0.054021
2018-06-04,1.2931,-0.154428
2018-06-05,1.297,0.301601
2018-06-06,1.2944,-0.200463
2018-06-07,1.2972,0.216316
2018-06-08,1.2928,-0.339192
2018-06-11,1.2978,0.386757
2018-06-12,1.3015,0.285098
2018-06-13,1.2987,-0.215136
2018-06-14,1.3105,0.908601
2018-06-15,1.3184,0.602823
2018-06-18,1.3202,0.136529
2018-06-19,1.3286,0.636267
2018-06-20,1.331,0.180641
2018-06-21,1.3315,0.037566
2018-06-22,1.3269,-0.345475
2018-06-25,1.3297,0.211018
2018-06-26,1.3308,0.082725
2018-06-27,1.3342,0.255485
2018-06-28,1.3249,-0.697047
2018-06-29,1.3133,-0.875538
2018-07-02,1.3186,0.403564
2018-07-03,1.3139,-0.356439
2018-07-04,1.3143,0.030444
2018-07-05,1.3132,-0.083695
2018-07-06,1.3084,-0.365519
2018-07-09,1.3107,0.175787
2018-07-10,1.3113,0.045777
2018-07-11,1.3209,0.732098
2018-07-12,1.3154,-0.416383
2018-07-13,1.316,0.045614
2018-07-16,1.3136,-0.182371
2018-07-17,1.3191,0.418697
2018-07-18,1.317,-0.159199
2018-07-19,1.3273,0.78208
2018-07-20,1.3145,-0.964364
2018-07-23,1.3172,0.205401
2018-07-24,1.3155,-0.129062
2018-07-25,1.3046,-0.828582
2018-07-26,1.3074,0.214625
2018-07-27,1.3055,-0.145327
2018-07-30,1.3036,-0.145538
2018-07-31,1.3006,-0.230132
2018-08-01,1.3004,-0.015378
2018-08-02,1.3023,0.146109
2018-08-03,1.2991,-0.245719
2018-08-06,1.3004,0.100069
2018-08-07,1.3053,0.376807
2018-08-08,1.3023,-0.229832
2018-08-09,1.3051,0.215004
2018-08-10,1.314,0.68194
2018-08-13,1.3134,-0.045662
2018-08-14,1.3058,-0.578651
2018-08-15,1.3141,0.635626
2018-08-16,1.3156,0.114147
2018-08-17,1.3061,-0.722104
2018-08-20,1.3047,-0.107189
2018-08-21,1.3037,-0.076646
2018-08-22,1.2997,-0.306819
2018-08-23,1.3082,0.653997
2018-08-24,1.3026,-0.428069
2018-08-27,1.2967,-0.45294
2018-08-28,1.2932,-0.269916
2018-08-29,1.2907,-0.193319
2018-08-30,1.2983,0.588828
2018-08-31,1.304,0.439036
2018-09-03,1.3095,0.421779
2018-09-04,1.3189,0.717831
2018-09-05,1.3178,-0.083403
2018-09-06,1.3142,-0.273183
2018-09-07,1.3161,0.144575
2018-09-10,1.3164,0.022795
2018-09-11,1.3067,-0.736858
2018-09-12,1.2998,-0.528048
2018-09-13,1.2998,0.0
2018-09-14,1.3036,0.292353
2018-09-17,1.3043,0.053697
2018-09-18,1.2974,-0.529019
2018-09-19,1.2927,-0.362263
2018-09-20,1.2903,-0.185658
2018-09-21,1.2916,0.100752
2018-09-24,1.2956,0.309693
2018-09-25,1.2954,-0.015437
2018-09-26,1.3019,0.501776
2018-09-27,1.3043,0.184346
2018-09-28,1.2908,-1.035038
2018-10-01,1.2814,-0.728231
2018-10-02,1.2823,0.070236
2018-10-03,1.2868,0.350932
2018-10-04,1.2924,0.435188
2018-10-05,1.2939,0.116063
2018-10-08,1.2965,0.200943
2018-10-09,1.2946,-0.146548
2018-10-10,1.3068,0.942376
2018-10-11,1.3032,-0.275482
2018-10-12,1.3024,-0.061387
2018-10-15,1.2991,-0.253378
2018-10-16,1.2934,-0.438765
2018-10-17,1.302,0.664914
2018-10-18,1.3085,0.499232
2018-10-19,1.3104,0.145204
2018-10-22,1.3101,-0.022894
2018-10-23,1.3085,-0.122128
2018-10-24,1.3057,-0.213985
2018-10-25,1.3074,0.130198
2018-10-26,1.3106,0.244761
2018-10-29,1.3134,0.213643
2018-10-30,1.311,-0.182732
2018-10-31,1.3157,0.358505
2018-11-01,1.3086,-0.539637
2018-11-02,1.311,0.183402
2018-11-05,1.311,0.0
2018-11-06,1.3124,0.106789
2018-11-07,1.3112,-0.091436
2018-11-08,1.3155,0.327944
2018-11-09,1.3212,0.433295
2018-11-12,1.3247,0.264911
2018-11-13,1.3238,-0.06794
2018-11-14,1.3242,0.030216
2018-11-15,1.3178,-0.483311
2018-11-16,1.3148,-0.227652
2018-11-19,1.3171,0.174932
2018-11-20,1.3306,1.024979
2018-11-21,1.3231,-0.563655
2018-11-22,1.319,-0.309878
2018-11-23,1.3238,0.363912
2018-11-26,1.3255,0.128418
2018-11-27,1.3294,0.294229
2018-11-28,1.3275,-0.142922
2018-11-29,1.3282,0.052731
2018-11-30,1.3292,0.07529
2018-12-03,1.3197,-0.714716
2018-12-04,1.3262,0.492536
2018-12-05,1.3355,0.701252
2018-12-06,1.3383,0.209659
2018-12-07,1.3322,-0.455802
2018-12-10,1.3398,0.570485
2018-12-11,1.339,-0.05971
2018-12-12,1.335,-0.29873
2018-12-13,1.3355,0.037453
2018-12-14,1.3384,0.217147
2018-12-17,1.3407,0.171847
2018-12-18,1.3466,0.440069
2018-12-19,1.3484,0.13367
2018-12-20,1.3509,0.185405
2018-12-21,1.3602,0.68843
2018-12-24,1.3597,-0.036759
2018-12-25,1.3593,-0.029418
2018-12-26,1.3574,-0.139778
2018-12-27,1.3619,0.331516
2018-12-28,1.3638,0.139511
2018-12-31,1.3637,-0.007332
2019-01-01,1.3631,-0.043998
2019-01-02,1.3579,-0.381483
2019-01-03,1.3488,-0.670152
2019-01-04,1.3374,-0.845196
2019-01-07,1.3299,-0.56079
2019-01-08,1.3274,-0.187984
2019-01-09,1.3209,-0.489679
2019-01-10,1.3236,0.204406
2019-01-11,1.3267,0.23421
2019-01-14,1.3285,0.135675
2019-01-15,1.3266,-0.143018
2019-01-16,1.3255,-0.082919
2019-01-17,1.3279,0.181064
2019-01-18,1.326,-0.143083
2019-01-21,1.3294,0.25641
2019-01-22,1.3355,0.458854
2019-01-23,1.3343,-0.089854
2019-01-24,1.335,0.052462
2019-01-25,1.3218,-0.988764
2019-01-28,1.3262,0.332879
2019-01-29,1.3269,0.052782
2019-01-30,1.3149,-0.904364
2019-01-31,1.3125,-0.182523
2019-02-01,1.3102,-0.175238
2019-02-04,1.311,0.061059
2019-02-05,1.3126,0.122044
2019-02-06,1.3214,0.670425
2019-02-07,1.3308,0.711367
2019-02-08,1.3278,-0.225428
2019-02-11,1.3302,0.18075
2019-02-12,1.3238,-0.481131
2019-02-13,1.3254,0.120864
2019-02-14,1.3295,0.309341
2019-02-15,1.3244,-0.383603
2019-02-18,1.324,-0.030202
2019-02-19,1.3211,-0.219033
2019-02-20,1.3176,-0.264931
2019-02-21,1.3232,0.425015
2019-02-22,1.3135,-0.733071
2019-02-25,1.3187,0.395889
2019-02-26,1.3169,-0.136498
2019-02-27,1.3156,-0.098717
2019-02-28,1.3172,0.121618
2019-03-01,1.3297,0.948983
2019-03-04,1.3303,0.045123
2019-03-05,1.335,0.353304
2019-03-06,1.3442,0.689139
2019-03-07,1.3455,0.096712
2019-03-08,1.3416,-0.289855
2019-03-11,1.3394,-0.163983
2019-03-12,1.3354,-0.298641
2019-03-13,1.3302,-0.389396
2019-03-14,1.3335,0.248083
2019-03-15,1.3336,0.007499
2019-03-18,1.3334,-0.014997
2019-03-19,1.332,-0.104995
2019-03-20,1.3305,-0.112613
2019-03-21,1.3364,0.443442
2019-03-22,1.3429,0.486381
2019-03-25,1.3404,-0.186164
2019-03-26,1.3381,-0.171591
2019-03-27,1.3409,0.209252
2019-03-28,1.3438,0.216273
2019-03-29,1.3349,-0.662301
2019-04-01,1.3307,-0.31463
2019-04-02,1.3337,0.225445
2019-04-03,1.3345,0.059984
2019-04-04,1.3359,0.104908
2019-04-05,1.3384,0.18714
2019-04-08,1.3314,-0.523013
2019-04-09,1.333,0.120174
2019-04-10,1.3319,-0.082521
2019-04-11,1.3383,0.480517
2019-04-12,1.3323,-0.44833
2019-04-15,1.3367,0.330256
2019-04-16,1.335,-0.127179
2019-04-17,1.3341,-0.067416
2019-04-18,1.3376,0.262349
2019-04-19,1.3391,0.112141
2019-04-22,1.3347,-0.328579
2019-04-23,1.3423,0.569416
2019-04-24,1.3493,0.521493
2019-04-25,1.3485,-0.05929
2019-04-26,1.3455,-0.222469
2019-04-29,1.3458,0.022297
2019-04-30,1.3388,-0.520137
2019-05-01,1.3446,0.433224
2019-05-02,1.3475,0.215678
2019-05-03,1.342,-0.408163
2019-05-06,1.3448,0.208644
2019-05-07,1.3474,0.193337
2019-05-08,1.3479,0.037109
2019-05-09,1.3477,-0.014838
2019-05-10,1.3417,-0.445203
2019-05-13,1.3478,0.454647
2019-05-14,1.3462,-0.118712
2019-05-15,1.3438,-0.17828
2019-05-16,1.346,0.163715
2019-05-17,1.3458,-0.014859
2019-05-20,1.3429,-0.215485
2019-05-21,1.3406,-0.171271
2019-05-22,1.3435,0.216321
2019-05-23,1.3474,0.290287
2019-05-24,1.3437,-0.274603
2019-05-27,1.3444,0.052095
2019-05-28,1.3494,0.371913
2019-05-29,1.3519,0.185268
2019-05-30,1.35,-0.140543
2019-05-31,1.3516,0.118519
2019-06-03,1.3438,-0.577094
2019-06-04,1.3394,-0.32743
2019-06-05,1.3415,0.156787
2019-06-06,1.3362,-0.39508
2019-06-07,1.3267,-0.710971
2019-06-10,1.3269,0.015075
2019-06-11,1.3284,0.113045
2019-06-12,1.3343,0.444143
2019-06-13,1.3327,-0.119913
2019-06-14,1.3414,0.65281
2019-06-17,1.3413,-0.007455
2019-06-18,1.3377,-0.268396
2019-06-19,1.328,-0.725125
2019-06-20,1.3192,-0.662651
2019-06-21,1.3222,0.227411
2019-06-24,1.318,-0.317652
2019-06-25,1.3169,-0.08346
2019-06-26,1.3127,-0.318931
2019-06-27,1.3095,-0.243772
2019-06-28,1.3095,0.0
2019-07-01,1.3135,0.30546
2019-07-02,1.3108,-0.205558
2019-07-03,1.3058,-0.381446
2019-07-04,1.3053,-0.038291
2019-07-05,1.3081,0.21451
2019-07-08,1.3096,0.11467
2019-07-09,1.3128,0.244349
2019-07-10,1.3082,-0.350396
2019-07-11,1.3072,-0.076441
2019-07-12,1.3028,-0.336597
2019-07-15,1.3049,0.161191
2019-07-16,1.3088,0.298873
2019-07-17,1.3054,-0.25978
2019-07-18,1.3027,-0.206833
2019-07-19,1.3059,0.245644
2019-07-22,1.3119,0.459453
2019-07-23,1.3136,0.129583
2019-07-24,1.3142,0.045676
2019-07-25,1.3165,0.175011
2019-07-26,1.3166,0.007596
2019-07-29,1.3164,-0.015191
2019-07-30,1.3151,-0.098754
2019-07-31,1.3191,0.304159
2019-08-01,1.3212,0.159199
2019-08-02,1.3207,-0.037844
2019-08-05,1.3204,-0.022715
2019-08-06,1.3281,0.583157
2019-08-07,1.3303,0.16565
2019-08-08,1.3227,-0.5713
2019-08-09,1.3222,-0.037801
2019-08-12,1.3239,0.128574
2019-08-13,1.3223,-0.120855
2019-08-14,1.3319,0.726008
2019-08-15,1.3313,-0.045048
2019-08-16,1.3269,-0.330504
2019-08-19,1.3324,0.4145
2019-08-20,1.3319,-0.037526
2019-08-21,1.3291,-0.210226
2019-08-22,1.3303,0.090287
2019-08-23,1.3283,-0.150342
2019-08-26,1.3254,-0.218324
2019-08-27,1.3283,0.218802
2019-08-28,1.3306,0.173154
2019-08-29,1.3287,-0.142793
2019-08-30,1.3311,0.180628
2019-09-02,1.3326,0.112689
2019-09-03,1.3337,0.082545
2019-09-04,1.3224,-0.847267
2019-09-05,1.323,0.045372
2019-09-06,1.3173,-0.430839
2019-09-09,1.3168,-0.037956
2019-09-10,1.3152,-0.121507
2019-09-11,1.3194,0.319343
2019-09-12,1.321,0.121267
2019-09-13,1.3288,0.590462
2019-09-16,1.324,-0.361228
2019-09-17,1.3244,0.030211
2019-09-18,1.3289,0.339777
2019-09-19,1.326,-0.218226
2019-09-20,1.3263,0.022624
2019-09-23,1.3263,0.0
2019-09-24,1.3243,-0.150795
2019-09-25,1.3268,0.188779
2019-09-26,1.3268,0.0
2019-09-27,1.3247,-0.158276
2019-09-30,1.3241,-0.045293
2019-10-01,1.3221,-0.151046
2019-10-02,1.3326,0.794191
2019-10-03,1.3337,0.082545
2019-10-04,1.3314,-0.172453
2019-10-07,1.3309,-0.037554
2019-10-08,1.3325,0.120219
2019-10-09,1.3333,0.060038
2019-10-10,1.3291,-0.315008
2019-10-11,1.3203,-0.662102
2019-10-14,1.3234,0.234795
2019-10-15,1.3199,-0.26447
2019-10-16,1.3202,0.022729
2019-10-17,1.3137,-0.49235
2019-10-18,1.3127,-0.076121
2019-10-21,1.3089,-0.28948
2019-10-22,1.3095,0.04584
2019-10-23,1.3072,-0.17564
2019-10-24,1.3071,-0.00765
2019-10-25,1.3058,-0.099457
2019-10-28,1.3055,-0.022974
2019-10-29,1.3087,0.245117
2019-10-30,1.3159,0.550164
2019-10-31,1.3164,0.037997
2019-11-01,1.3142,-0.167122
2019-11-04,1.3151,0.068483
2019-11-05,1.3157,0.045624
2019-11-06,1.3181,0.182412
2019-11-07,1.3174,-0.053107
2019-11-08,1.3228,0.409898
2019-11-11,1.3233,0.037799
2019-11-12,1.3233,0.0
2019-11-13,1.3251,0.136024
2019-11-14,1.3248,-0.02264
2019-11-15,1.3223,-0.188708
2019-11-18,1.3206,-0.128564
2019-11-19,1.3268,0.469484
2019-11-20,1.3304,0.27133
2019-11-21,1.3285,-0.142814
2019-11-22,1.3302,0.127964
2019-11-25,1.3304,0.015035
